Date,Cloudiness,Temperature,Wind Speed,Weather Code
2012-01-01,8,9.8249999999999993,14,58
2012-01-02,7,7.4375,12,
2012-01-03,8,5.5374999999999996,18,63
2012-01-04,4,5.6875,19,80
2012-01-05,6,5.2999999999999998,23,80
2012-01-06,3,2.625,10,
2012-01-07,7,6.5285710000000003,14,61
2012-01-08,7,5.9625000000000004,10,80
2012-01-09,8,5.1500000000000004,12,61
2012-01-10,6,6.1124999999999998,10,
2012-01-11,6,7.8624999999999998,16,51
2012-01-12,7,7.4375,25,61
2012-01-13,2,4.7999999999999998,18,
2012-01-14,3,2.8875000000000002,10,
2012-01-15,1,2.2250000000000001,6,
2012-01-16,8,3.0625,6,61
2012-01-17,6,4.4874999999999998,10,
2012-01-18,7,2.3500000000000001,12,51
2012-01-19,8,5.2625000000000002,16,80
2012-01-20,6,3.4375,12,26
2012-01-21,7,3.5375000000000001,16,68
2012-01-22,6,3.7875000000000001,12,21
2012-01-23,5,2.2124999999999999,4,10
2012-01-24,3,1.7625,6,
2012-01-25,3,-0.1875,8,
2012-01-26,2,0.36249999999999999,12,
2012-01-27,8,-1,10,71
2012-01-28,6,-1.3875,10,10
2012-01-29,7,-3.1625000000000001,8,71
2012-01-30,3,-2.2749999999999999,12,
2012-01-31,1,-2.375,18,
2012-02-01,7,-1.825,16,71
2012-02-02,6,-5.8499999999999996,8,85
2012-02-03,4,-5.8499999999999996,14,3
2012-02-04,4,-7.5374999999999996,10,71
2012-02-05,5,-7.7125000000000004,8,
2012-02-06,4,-10.25,6,10
2012-02-07,6,-3,18,71
2012-02-08,6,-2.7625000000000002,10,
2012-02-09,6,-1.6625000000000001,21,3
2012-02-10,6,-2.8125,8,71
2012-02-11,7,-4.5750000000000002,8,78
2012-02-12,8,-1.2375,16,72
2012-02-13,6,-2.3250000000000002,8,10
2012-02-14,8,1.3,10,47
2012-02-15,1,4.8624999999999998,18,
2012-02-16,7,2.9624999999999999,10,61
2012-02-17,5,5.5625,14,
2012-02-18,8,6.1749999999999998,14,61
2012-02-19,4,4.2000000000000002,18,25
2012-02-20,5,4.1124999999999998,14,
2012-02-21,8,4.9500000000000002,14,58
2012-02-22,7,7.1749999999999998,18,51
2012-02-23,6,8.4124999999999996,18,
2012-02-24,7,8.3499999999999996,19,20
2012-02-25,6,6.5250000000000004,19,61
2012-02-26,1,4.6749999999999998,8,
2012-02-27,8,3.7250000000000001,12,61
2012-02-28,8,7.6749999999999998,14,51
2012-02-29,8,7.7750000000000004,10,47
2012-03-01,6,7.625,12,43
2012-03-02,7,5.9124999999999996,6,28
2012-03-03,5,7.0374999999999996,14,
2012-03-04,7,4.6749999999999998,8,
2012-03-05,7,4.875,10,
2012-03-06,4,4.5125000000000002,10,
2012-03-07,7,4.0499999999999998,10,61
2012-03-08,2,7.5125000000000002,14,
2012-03-09,8,7.8250000000000002,14,10
2012-03-10,6,8.6999999999999993,19,10
2012-03-11,6,8.9499999999999993,14,
2012-03-12,5,9.0124999999999993,18,
2012-03-13,6,9.9499999999999993,16,1
2012-03-14,7,7.7874999999999996,10,
2012-03-15,6,7.4000000000000004,8,
2012-03-16,3,12.0375,14,10
2012-03-17,6,9.7750000000000004,14,10
2012-03-18,7,9.8375000000000004,16,61
2012-03-19,4,8.1125000000000007,18,
2012-03-20,7,8.0875000000000004,18,51
2012-03-21,5,12.625,16,
2012-03-22,0,12.762499999999999,6,2
2012-03-23,0,13.487500000000001,6,
2012-03-24,5,7.8375000000000004,8,10
2012-03-25,0,13.137499999999999,10,1
2012-03-26,7,8.4875000000000007,8,51
2012-03-27,4,15.5,10,
2012-03-28,3,14.8375,18,5
2012-03-29,6,8.9875000000000007,19,21
2012-03-30,3,9.9625000000000004,18,1
2012-03-31,4,6.1124999999999998,19,61
2012-04-01,7,6.5250000000000004,19,25
2012-04-02,7,5.5875000000000004,16,
2012-04-03,7,3.2999999999999998,10,22
2012-04-04,7,4.5875000000000004,18,21
2012-04-05,1,5.6375000000000002,10,
2012-04-06,7,6.2000000000000002,18,61
2012-04-07,4,3.7124999999999999,19,
2012-04-08,2,5.75,10,
2012-04-09,8,6.5125000000000002,10,58
2012-04-10,8,10.5875,10,61
2012-04-11,7,10.475,12,
2012-04-12,6,9.5749999999999993,12,81
2012-04-13,7,8.7249999999999996,10,
2012-04-14,6,8.8125,8,25
2012-04-15,7,8.0749999999999993,10,21
2012-04-16,4,7.5,16,80
2012-04-17,5,8.0374999999999996,12,
2012-04-18,6,9.6125000000000007,10,
2012-04-19,2,14.237500000000001,14,
2012-04-20,6,9.2249999999999996,10,95
2012-04-21,6,12.199999999999999,10,91
2012-04-22,6,9.9875000000000007,10,80
2012-04-23,6,9.9499999999999993,10,81
2012-04-24,7,10,8,61
2012-04-25,6,11.637499999999999,12,
2012-04-26,6,14.1875,14,60
2012-04-27,5,14.925000000000001,12,25
2012-04-28,6,9.5124999999999993,18,61
2012-04-29,7,11.4625,23,
2012-04-30,3,16.237500000000001,8,
2012-05-01,5,13.4125,19,
2012-05-02,1,13.449999999999999,12,
2012-05-03,6,16.600000000000001,8,
2012-05-04,7,12.65,10,80
2012-05-05,2,10.5,8,
2012-05-06,5,8.5999999999999996,8,
2012-05-07,7,7.5750000000000002,6,61
2012-05-08,6,16.074999999999999,8,
2012-05-09,6,16.850000000000001,10,81
2012-05-10,7,17.850000000000001,12,61
2012-05-11,5,16.524999999999999,19,
2012-05-12,5,9.3874999999999993,23,80
2012-05-13,6,11.012499999999999,10,
2012-05-14,6,14.525,12,
2012-05-15,7,11.449999999999999,10,
2012-05-16,6,8.8874999999999993,19,80
2012-05-17,4,10.8125,18,3
2012-05-18,6,16.212499999999999,10,
2012-05-19,5,17.762499999999999,6,
2012-05-20,6,18.475000000000001,10,
2012-05-21,5,18.514285000000001,14,
2012-05-22,4,19.199999999999999,12,
2012-05-23,4,18.237500000000001,14,
2012-05-24,0,18.862500000000001,12,
2012-05-25,0,19.850000000000001,10,
2012-05-26,4,21.449999999999999,8,
2012-05-27,1,19.875,10,
2012-05-28,2,22.837499999999999,14,
2012-05-29,4,15.35,12,
2012-05-30,6,12.9375,14,
2012-05-31,7,13.262499999999999,10,61
2012-06-01,4,12.887499999999999,19,25
2012-06-02,4,12.4625,16,25
2012-06-03,7,12.35,12,
2012-06-04,7,13.2125,14,
2012-06-05,5,13.2125,16,25
2012-06-06,7,13.8375,10,61
2012-06-07,7,15.1875,10,51
2012-06-08,4,19.337499999999999,12,95
2012-06-09,6,14.6,14,61
2012-06-10,6,15,16,51
2012-06-11,3,16.524999999999999,8,
2012-06-12,7,14.112500000000001,6,63
2012-06-13,4,15.1625,12,
2012-06-14,6,14.050000000000001,12,
2012-06-15,7,18.3125,8,63
2012-06-16,6,18.462499999999999,10,25
2012-06-17,6,16.962499999999999,14,25
2012-06-18,6,19.587499999999999,19,95
2012-06-19,6,17.3125,6,
2012-06-20,6,17.649999999999999,12,
2012-06-21,4,18.512499999999999,16,
2012-06-22,4,18.324999999999999,14,29
2012-06-23,6,16.887499999999999,12,80
2012-06-24,8,12.875,12,63
2012-06-25,6,13.887499999999999,18,80
2012-06-26,6,14.300000000000001,18,20
2012-06-27,8,14.5625,10,
2012-06-28,6,18.262499999999999,8,
2012-06-29,6,22.75,8,95
2012-06-30,5,23.137499999999999,10,
2012-07-01,4,19.512499999999999,14,
2012-07-02,6,19.4375,10,
2012-07-03,3,20.537500000000001,12,
2012-07-04,5,19.949999999999999,12,
2012-07-05,7,17.262499999999999,12,10
2012-07-06,7,18.537500000000001,10,60
2012-07-07,7,20.787500000000001,4,
2012-07-08,5,22.975000000000001,10,95
2012-07-09,7,16.5,16,61
2012-07-10,6,18.824999999999999,14,1
2012-07-11,6,17.149999999999999,14,29
2012-07-12,5,15.487500000000001,14,81
2012-07-13,6,17.087499999999999,6,21
2012-07-14,6,17.912500000000001,19,25
2012-07-15,5,16.375,16,25
2012-07-16,5,16.875,16,80
2012-07-17,5,17.137499999999999,18,80
2012-07-18,7,16.949999999999999,6,63
2012-07-19,7,15.8125,16,81
2012-07-20,6,15.25,16,80
2012-07-21,6,16.162500000000001,16,
2012-07-22,4,18.324999999999999,12,
2012-07-23,2,22.483332999999998,12,
2012-07-25,1,25.649999999999999,8,
2012-07-26,1,22.587499999999999,8,
2012-07-27,1,26.074999999999999,10,
2012-07-28,7,18.949999999999999,14,63
2012-07-29,7,16.037500000000001,8,61
2012-07-30,6,15.1875,10,95
2012-07-31,5,17.162500000000001,12,
2012-08-01,6,21.0625,6,
2012-08-02,6,22.725000000000001,10,29
2012-08-03,4,20.6875,10,91
2012-08-04,6,18.225000000000001,6,61
2012-08-05,6,21.612500000000001,4,
2012-08-06,5,19.574999999999999,16,80
2012-08-07,6,17.3125,14,80
2012-08-08,4,17.899999999999999,16,80
2012-08-09,5,18.350000000000001,12,
2012-08-10,6,17.300000000000001,14,25
2012-08-11,2,18.850000000000001,10,
2012-08-12,1,19.787500000000001,12,
2012-08-13,2,20.037500000000001,14,
2012-08-14,2,20.162500000000001,12,
2012-08-15,1,20.399999999999999,14,
2012-08-16,6,17.324999999999999,10,63
2012-08-17,5,21.9375,8,
2012-08-18,6,27.524999999999999,8,
2012-08-19,2,26.875,8,
2012-08-20,3,26.149999999999999,16,
2012-08-21,6,20.8125,6,
2012-08-22,4,20.012499999999999,18,
2012-08-23,5,19.837499999999999,18,80
2012-08-24,7,16.262499999999999,4,61
2012-08-25,6,18.862500000000001,8,80
2012-08-26,6,17.324999999999999,14,95
2012-08-27,2,17.862500000000001,12,
2012-08-28,7,19.587499999999999,8,61
2012-08-29,4,20.662500000000001,8,3
2012-08-30,7,19.237500000000001,6,
2012-08-31,3,17.287500000000001,14,
2012-09-01,6,16.600000000000001,12,
2012-09-02,6,19.149999999999999,14,
2012-09-03,4,19.475000000000001,12,
2012-09-04,4,20.537500000000001,14,
2012-09-05,6,17.137499999999999,14,80
2012-09-06,7,16.112500000000001,14,
2012-09-07,7,16.125,12,58
2012-09-08,5,18.462499999999999,16,51
2012-09-09,4,21.074999999999999,6,
2012-09-10,4,23.125,12,
2012-09-11,7,17.087499999999999,12,61
2012-09-12,4,13.9625,12,80
2012-09-13,3,15.1,8,
2012-09-14,8,13.7125,16,61
2012-09-15,6,15.625,18,80
2012-09-16,3,18.350000000000001,12,
2012-09-17,4,17.4375,14,25
2012-09-18,6,15.0375,14,80
2012-09-19,5,10.637499999999999,16,81
2012-09-20,6,11.487500000000001,12,80
2012-09-21,7,14.25,14,21
2012-09-22,5,11.5,14,25
2012-09-23,4,13.65,10,
2012-09-24,8,10.4125,16,61
2012-09-25,7,14.925000000000001,10,80
2012-09-26,7,12.5625,6,61
2012-09-27,7,13.199999999999999,10,61
2012-09-28,6,13.5625,12,
2012-09-29,5,13.262499999999999,16,25
2012-09-30,4,13.875,14,25
2012-10-01,7,13.862500000000001,10,
2012-10-02,6,15.1625,10,10
2012-10-03,7,14.175000000000001,12,65
2012-10-04,7,10.449999999999999,10,80
2012-10-05,7,9.7375000000000007,14,61
2012-10-08,4,12.4375,12,80
2012-10-09,1,10.987500000000001,19,80
2012-10-10,5,10.1,12,80
2012-10-11,4,11.4375,6,
2012-10-12,6,10.137499999999999,10,61
2012-10-15,6,9.5875000000000004,10,51
2012-10-16,7,10.887499999999999,12,61
2012-10-17,7,12.1,12,21
2012-10-18,6,16.774999999999999,8,
2012-10-19,3,19.350000000000001,6,
2012-10-22,8,12.675000000000001,8,10
2012-10-23,8,11.887499999999999,8,51
2012-10-24,8,10.987500000000001,6,51
2012-10-25,6,8.7375000000000007,16,80
2012-10-26,5,5.1875,8,
2012-10-29,8,3.625,14,61
2012-10-30,4,7.0625,8,25
2012-10-31,6,7.9500000000000002,10,10
2012-11-01,7,5.8125,10,
2012-11-02,7,7.4749999999999996,12,21
2012-11-05,7,6.5875000000000004,10,61
2012-11-06,6,7.4500000000000002,14,80
2012-11-07,7,10.300000000000001,16,51
2012-11-08,7,9.6624999999999996,16,80
2012-11-09,7,9.5,8,20
2012-11-12,6,7.3125,12,80
2012-11-13,7,7.2000000000000002,8,10
2012-11-14,8,9.6624999999999996,6,10
2012-11-15,7,8.7125000000000004,6,5
2012-11-16,7,-0.27500000000000002,6,10
2012-11-19,3,6.125,8,3
2012-11-20,6,7.6749999999999998,8,10
2012-11-21,8,6.1875,12,10
2012-11-22,4,9.0999999999999996,14,3
2012-11-23,7,6.7000000000000002,10,61
2012-11-26,6,8.1624999999999996,10,
2012-11-27,7,7.625,8,20
2012-11-28,8,5.3250000000000002,8,51
2012-11-29,7,3.4624999999999999,14,61
2012-11-30,2,0.72499999999999998,10,
2012-12-03,8,1.0333330000000001,8,10
2012-12-04,7,1.375,8,69
2012-12-05,2,-4.7874999999999996,10,
2012-12-06,1,-4.4500000000000002,8,
2012-12-07,4,-1.7875000000000001,8,10
2012-12-10,8,0.1875,18,71
2012-12-11,6,-1.8625,14,
2012-12-12,3,-5.7374999999999998,4,10
2012-12-13,7,-2.0625,4,78
2012-12-14,7,-2.6875,10,10
2012-12-17,8,4.1875,4,47
2012-12-18,8,3.6375000000000002,10,61
2012-12-19,7,2.8624999999999998,6,20
2012-12-20,7,2.0874999999999999,12,5
2012-12-21,7,-0.21249999999999999,10,13
2013-04-30,3,11.116666,15,0
2013-05-01,0,9.9000000000000004,11,
2013-05-02,1,11.0375,12,
2013-05-03,0,12.9125,9,
2013-05-04,0,17.949999999999999,18,
2013-05-05,3,16.212499999999999,10,
2013-05-06,0,15.675000000000001,8,
2013-05-07,1,17.412500000000001,10,21
2013-05-08,4,18.8125,9,21
2013-05-09,7,16.125,11,21
2013-05-10,5,15.5,12,21
2013-05-11,7,15.4125,11,
2013-05-12,7,11.7125,12,61
2013-05-13,7,11.4375,10,65
2013-05-14,5,12.6,10,21
2013-05-15,4,20.537500000000001,10,61
2013-05-16,0,16.162500000000001,13,5
2013-05-17,0,21.3125,11,5
2013-05-18,7,13.85,12,10
2013-05-19,8,13.050000000000001,5,20
2013-05-20,7,15.775,8,21
2013-05-21,7,12.525,9,65
2013-05-22,7,9.0625,23,63
2013-05-23,5,10.525,8,61
2013-05-24,5,12.5,8,61
2013-05-25,7,11.3375,11,63
2013-05-26,7,14.1625,15,63
2013-05-27,6,14.7875,10,
2013-05-28,6,15.4,10,20
2013-05-29,7,13.6625,14,61
2013-05-30,4,16.125,11,21
2013-05-31,3,17.649999999999999,12,
2013-06-01,3,20.387499999999999,10,21
2013-06-02,2,14.975,18,
2013-06-03,0,17.350000000000001,13,
2013-06-04,3,17.162500000000001,15,
2013-06-05,4,19.087499999999999,9,
2013-06-06,0,20.850000000000001,12,
2013-06-07,0,19.699999999999999,8,
2013-06-08,1,16.962499999999999,9,
2013-06-09,4,15.887499999999999,7,
2013-06-10,2,17.725000000000001,8,0
2013-06-11,2,16.662500000000001,9,
2013-06-12,5,22.350000000000001,7,
2013-06-14,2,16.712499999999999,16,0
2013-06-15,6,17.087499999999999,27,61
2013-06-16,7,15.5875,16,21
2013-06-17,0,17.899999999999999,8,
2013-06-18,1,20.050000000000001,10,0
2013-06-19,6,23.537500000000001,10,63
2013-06-20,2,21.837499999999999,10,
2013-06-21,7,19.574999999999999,14,63
2013-06-22,6,19.737500000000001,10,
2013-06-23,6,17.537500000000001,10,21
2013-06-24,7,15.949999999999999,12,63
2013-06-25,7,15.175000000000001,10,21
2013-06-26,7,13.824999999999999,18,61
2013-06-27,7,12.550000000000001,10,61
2013-06-28,7,13.050000000000001,10,61
2013-06-29,6,14.8375,16,61
2013-06-30,7,14.012499999999999,15,63
2013-07-01,6,17.837499999999999,15,20
2013-07-02,3,17.3125,10,
2013-07-03,7,21.074999999999999,6,61
2013-07-04,7,18.850000000000001,7,20
2013-07-05,5,19.975000000000001,12,
2013-07-06,0,18.962499999999999,8,
2013-07-07,0,21.375,9,
2013-07-08,0,22.725000000000001,10,5
2013-07-09,0,23.274999999999999,8,
2013-07-10,2,19.6875,13,5
2013-07-11,0,21.375,12,5
2013-07-12,0,20.287500000000001,7,
2013-07-13,1,20.125,12,
2013-07-14,5,17.6875,15,5
2013-07-15,6,18.737500000000001,12,
2013-07-16,1,21.1875,10,
2013-07-17,5,22.512499999999999,8,
2013-07-18,1,23.25,11,5
2013-07-19,3,22.475000000000001,16,5
2013-07-20,0,23.1875,8,
2013-07-21,0,26.375,8,
2013-07-22,0,26.100000000000001,9,
2013-07-23,0,24.949999999999999,12,
2013-07-24,3,24.074999999999999,11,
2013-07-25,2,23.087499999999999,9,
2013-07-26,3,27.262499999999999,6,
2013-07-27,1,26.162500000000001,10,
2013-07-28,4,24.887499999999999,13,61
2013-07-29,1,22.787500000000001,10,
2013-07-30,5,21.074999999999999,13,21
2013-07-31,5,20.274999999999999,16,65
2013-08-01,6,23.399999999999999,7,21
2013-08-02,0,31.4375,7,
2013-08-03,4,23.362500000000001,11,63
2013-08-04,3,23.050000000000001,8,
2013-08-05,0,25.800000000000001,10,
2013-08-06,5,22.225000000000001,13,
2013-08-07,4,19.212499999999999,8,
2013-08-08,7,16.975000000000001,12,20
2013-08-09,4,20.337499999999999,10,21
2013-08-10,7,19.362500000000001,12,61
2013-08-11,7,16.387499999999999,9,61
2013-08-12,7,16.449999999999999,11,63
2013-08-13,3,16.399999999999999,16,95
2013-08-14,4,18.262499999999999,18,61
2013-08-15,3,19.800000000000001,8,
2013-08-16,4,23.574999999999999,11,0
2013-08-17,6,20.550000000000001,7,0
2013-08-18,7,18.587499999999999,10,63
2013-08-19,5,18.487500000000001,8,
2013-08-20,7,17.774999999999999,8,61
2013-08-21,5,20.125,8,
2013-08-22,4,21.662500000000001,8,
2013-08-23,1,22.037500000000001,14,
2013-08-24,0,20.850000000000001,16,5
2013-08-25,0,21.387499999999999,16,5
2013-08-26,0,20.125,15,5
2013-08-27,1,21.087499999999999,12,
2013-08-28,0,21.300000000000001,7,
2013-08-29,3,20.212499999999999,11,
2013-08-30,6,19.787500000000001,8,5
2013-08-31,5,18.350000000000001,16,21
2013-09-01,7,15.862500000000001,16,61
2013-09-02,7,16.574999999999999,17,63
2013-09-03,7,18.225000000000001,11,21
2013-09-04,7,18.125,5,
2013-09-05,0,21.699999999999999,8,
2013-09-06,0,24.699999999999999,9,
2013-09-07,6,22.762499999999999,7,
2013-09-08,7,20.162500000000001,8,61
2013-09-09,8,11.574999999999999,11,63
2013-09-10,6,13.5875,11,65
2013-09-11,6,13.9,8,61
2013-09-12,6,16.112500000000001,6,61
2013-09-13,6,17.4375,5,21
2013-09-14,5,17.625,10,63
2013-09-15,7,14.862500000000001,10,21
2013-09-16,3,13.137499999999999,13,21
2013-09-17,5,13.137499999999999,10,63
2013-09-18,4,13.050000000000001,9,
2013-09-19,5,14.8375,11,63
2013-09-20,7,13.525,6,
2013-09-21,7,15.35,9,
2013-09-22,6,17.137499999999999,14,21
2013-09-23,7,17.3125,14,21
2013-09-24,8,15.737500000000001,10,
2013-09-25,6,13.5375,7,61
2013-09-26,1,12.987500000000001,12,
2013-09-27,5,13.012499999999999,8,21
2013-09-28,0,13.1,8,
2013-09-29,3,14.175000000000001,12,
2013-09-30,1,12.824999999999999,14,
2013-10-01,0,12.9125,13,5
2013-10-02,1,12.699999999999999,10,
2013-10-03,0,11.762499999999999,12,5
2013-10-04,5,11.199999999999999,8,63
2013-10-05,7,15.574999999999999,8,20
2013-10-06,7,15.25,6,
2013-10-07,1,16.274999999999999,7,
2013-10-08,6,15.112500000000001,8,61
2013-10-09,7,14.3125,10,21
2013-10-10,5,10.975,6,
2013-10-11,7,13.862500000000001,20,10
2013-10-12,8,13.025,21,63
2013-10-13,5,10.862500000000001,5,
2013-10-14,2,12.525,6,
2013-10-15,7,10.6625,4,63
2013-10-16,8,12.275,7,
2013-10-17,7,12,15,65
2013-10-18,1,9.0749999999999993,9,
2013-10-19,7,9.4499999999999993,9,
2013-10-20,7,15.1875,8,21
2013-10-21,7,14.262499999999999,8,61
2013-10-22,2,17.637499999999999,7,
2013-10-23,6,17.675000000000001,9,
2013-10-24,5,12.6875,12,61
2013-10-25,7,11.887499999999999,7,61
2013-10-26,5,16.774999999999999,10,21
2013-10-27,6,14.987500000000001,16,65
2013-10-28,7,14.362500000000001,29,63
2013-10-29,7,10.775,17,63
2013-10-30,6,10.4375,10,61
2013-10-31,5,11.1625,13,21
2013-11-01,8,10.625,9,63
2013-11-02,8,8.8874999999999993,3,63
2013-11-03,6,10.699999999999999,15,21
2013-11-04,7,6.8375000000000004,7,63
2013-11-05,4,8.9000000000000004,12,61
2013-11-06,4,8.1374999999999993,12,63
2013-11-07,6,9.5,10,61
2013-11-08,3,9.3249999999999993,9,
2013-11-09,5,7.7000000000000002,16,63
2013-11-10,2,6.9874999999999998,12,63
2013-11-11,2,8.3125,5,
2013-11-12,7,5.9375,9,61
2013-11-13,1,8.8000000000000007,12,0
2013-11-14,5,6.9375,9,21
2013-11-15,7,6.4500000000000002,6,21
2013-11-16,8,8.875,12,
2013-11-17,2,8.8874999999999993,8,0
2013-11-18,7,6.6500000000000004,5,63
2013-11-19,8,5.8375000000000004,8,61
2013-11-20,6,3.8500000000000001,6,
2013-11-21,2,3.2749999999999999,8,10
2013-11-22,7,5.375,10,21
2013-11-23,3,4.9124999999999996,6,
2013-11-24,0,4.5999999999999996,16,
2013-11-25,0,3.7000000000000002,10,
2013-11-26,2,2.3125,6,
2013-11-27,8,7.3125,12,61
2013-11-28,2,8.0250000000000004,18,
2013-11-29,8,5.9874999999999998,11,63
2013-11-30,7,5.5250000000000004,10,20
2013-12-01,5,8.6624999999999996,20,61
2013-12-02,0,3.0625,4,10
2013-12-03,8,1.7124999999999999,6,28
2013-12-04,7,5.8499999999999996,11,63
2013-12-05,7,4.4625000000000004,24,63
2013-12-06,6,1.7875000000000001,25,73
2013-12-07,5,1,11,22
2013-12-08,8,6.9749999999999996,16,63
2013-12-09,7,9.2375000000000007,10,45
2013-12-10,7,7.1875,8,61
2013-12-11,7,5.0250000000000004,9,10
2013-12-12,8,2.5249999999999999,8,28
2013-12-13,7,3.5375000000000001,6,61
2013-12-14,7,3.0125000000000002,7,61
2013-12-15,8,7.9249999999999998,12,61
2013-12-16,8,8.7750000000000004,12,
2013-12-17,8,4.9500000000000002,8,61
2013-12-18,7,6.8499999999999996,8,10
2013-12-19,7,7.4000000000000004,10,63
2013-12-20,7,5.2874999999999996,10,61
2013-12-21,8,6.5625,13,63
2013-12-22,7,8.1374999999999993,12,61
2013-12-23,3,5.4874999999999998,10,
2013-12-24,7,11.4375,18,61
2013-12-25,6,8.5625,13,21
2013-12-26,6,3.7749999999999999,6,28
2013-12-27,7,5.7625000000000002,15,63
2013-12-28,7,7.0625,9,21
2013-12-29,7,5.7125000000000004,9,63
2013-12-30,4,4.75,11,10
2013-12-31,4,5.0374999999999996,7,
2014-01-01,5,4.5125000000000002,8,63
2014-01-02,7,6.25,9,63
2014-01-03,7,6.8375000000000004,10,63
2014-01-04,5,6.9375,11,
2014-01-05,7,6.1875,11,63
2014-01-06,7,7.9124999999999996,11,65
2014-01-07,7,10.4375,13,
2014-01-08,7,8.6374999999999993,15,63
2014-01-09,7,9.6125000000000007,16,61
2014-01-10,7,6.6375000000000002,17,61
2014-01-11,7,5.5875000000000004,18,63
2014-01-12,2,5.5250000000000004,16,21
2014-01-13,8,3.1375000000000002,10,69
2014-01-14,6,4.2249999999999996,6,28
2014-01-15,7,3.2285710000000001,7,28
2014-01-16,8,2.7374999999999998,9,63
2014-01-17,7,6.7374999999999998,4,61
2014-01-18,7,5.8875000000000002,8,61
2014-01-19,7,2.8624999999999998,19,10
2014-01-20,8,0.38750000000000001,13,61
2014-01-21,7,-0.65000000000000002,7,77
2014-01-22,8,-3.1124999999999998,14,22
2014-01-23,8,-3.1875,11,22
2014-01-24,2,-5.1624999999999996,13,10
2014-01-25,5,-7.0374999999999996,8,
2014-01-26,1,-8.4749999999999996,10,10
2014-01-27,5,0.69999999999999996,9,69
2014-01-28,7,-0.26250000000000001,10,10
2014-01-29,7,-5.0499999999999998,13,77
2014-01-30,7,-4.4874999999999998,8,77
2014-01-31,8,-3.6875,7,10
2014-02-01,7,3.2250000000000001,10,63
2014-02-02,0,5.4874999999999998,8,
2014-02-03,1,3.4750000000000001,8,10
2014-02-04,5,3.9249999999999998,6,10
2014-02-05,4,3.6749999999999998,8,10
2014-02-06,7,7.875,11,20
2014-02-07,7,8.4749999999999996,15,63
2014-02-08,7,6.2874999999999996,12,61
2014-02-09,5,6.7125000000000004,15,63
2014-02-10,2,6.6375000000000002,9,
2014-02-11,7,4.9249999999999998,12,61
2014-02-12,4,6.0999999999999996,13,10
2014-02-13,5,7.4500000000000002,13,
2014-02-14,5,5.2125000000000004,9,10
2014-02-15,5,11.5,15,
2014-02-16,7,6.0625,17,63
2014-02-17,0,6.6875,9,
2014-02-18,7,7.7999999999999998,8,10
2014-02-19,7,6.3250000000000002,8,61
2014-02-20,6,9.0999999999999996,11,10
2014-02-21,7,7.5125000000000002,11,61
2014-02-22,7,5.9249999999999998,11,21
2014-02-23,1,8.625,12,
2014-02-24,1,9.4124999999999996,11,
2014-02-25,1,10.475,7,
2014-02-26,5,10.1875,8,
2014-02-27,1,8.8874999999999993,7,10
2014-02-28,7,6.1875,6,61
2014-03-01,2,5.0750000000000002,9,10
2014-03-02,6,6.5625,9,10
2014-03-03,0,9.1875,10,5
2014-03-04,7,6.6875,7,10
2014-03-05,7,4.6875,7,28
2014-03-06,3,8.9250000000000007,9,10
2014-03-07,6,11.275,10,5
2014-03-08,0,9.9375,6,
2014-03-09,0,16.399999999999999,9,
2014-03-10,0,15.800000000000001,9,
2014-03-11,0,7.8499999999999996,9,
2014-03-12,0,10.2125,8,0
2014-03-13,0,13.375,10,
2014-03-14,1,9.6125000000000007,10,
2014-03-15,4,9.0374999999999996,27,
2014-03-16,7,9.3375000000000004,24,61
2014-03-17,7,9.5875000000000004,18,61
2014-03-18,7,9.6875,16,21
2014-03-19,7,9.4499999999999993,18,61
2014-03-20,0,16.262499999999999,13,
2014-03-21,7,6.8875000000000002,14,63
2014-03-22,5,8.8499999999999996,11,63
2014-03-23,4,8.3625000000000007,10,
2014-03-24,3,7.5625,7,
2014-03-25,2,7.7249999999999996,10,21
2014-03-26,5,7.8499999999999996,11,21
2014-03-27,6,5.0999999999999996,12,
2014-03-28,8,5.4000000000000004,12,10
2014-03-29,3,9.375,8,10
2014-03-30,0,11.262499999999999,8,28
2014-03-31,7,7.4375,4,45
2014-04-01,8,5.7625000000000002,13,10
2014-04-02,2,12.449999999999999,8,10
2014-04-03,3,7.6124999999999998,15,10
2014-04-04,6,6.4500000000000002,15,0
2014-04-05,8,9.8249999999999993,5,61
2014-04-06,7,12.1875,8,63
2014-04-07,7,15.7875,10,63
2014-04-08,7,9.8125,19,61
2014-04-09,7,10.1875,20,21
2014-04-10,7,9.75,4,
2014-04-11,6,12.0625,10,
2014-04-12,4,11.199999999999999,12,0
2014-04-13,6,11.012499999999999,21,
2014-04-14,5,8.9000000000000004,23,61
2014-04-15,0,9.9124999999999996,15,
2014-04-16,0,11.362500000000001,9,
2014-04-17,5,14.4,14,
2014-04-18,7,8.2375000000000007,11,61
2014-04-19,1,11.125,13,5
2014-04-20,0,13.875,15,5
2014-04-21,4,13.425000000000001,15,0
2014-04-22,3,15.449999999999999,10,10
2014-04-23,8,9.8249999999999993,11,21
2014-04-24,8,9.1750000000000007,11,
2014-04-25,0,13.5625,12,
2014-04-26,0,15.449999999999999,11,
2014-04-27,0,16.225000000000001,16,
2014-04-28,0,15.887499999999999,11,
2014-04-29,0,18.087499999999999,8,0
2014-04-30,3,18,8,
2014-05-01,4,10.487500000000001,14,
2014-05-02,6,10.225,13,
2014-05-03,3,11.862500000000001,13,
2014-05-04,7,9.5999999999999996,11,
2014-05-05,8,10.7125,6,21
2014-05-06,7,15.775,9,
2014-05-07,4,14.2125,15,65
2014-05-08,7,12.449999999999999,10,63
2014-05-09,6,12.387499999999999,10,61
2014-05-10,7,13.275,12,61
2014-05-11,7,11.5625,12,63
2014-05-12,7,12.699999999999999,14,63
2014-05-13,7,11.5625,15,21
2014-05-14,7,11.5625,16,
2014-05-15,2,13.7875,8,
2014-05-16,5,13.887499999999999,9,
2014-05-17,0,16.625,8,0
2014-05-18,4,16.512499999999999,13,
2014-05-19,6,13.762499999999999,8,61
2014-05-20,0,20.725000000000001,12,
2014-05-21,2,26.862500000000001,8,
2014-05-22,0,26.375,8,
2014-05-23,7,18.012499999999999,12,65
2014-05-24,2,17.962499999999999,8,
2014-05-25,2,20.462499999999999,11,
2014-05-26,0,19.962499999999999,13,
2014-05-27,7,12.887499999999999,21,21
2014-05-28,7,10.199999999999999,22,21
2014-05-29,4,12.699999999999999,14,
2014-05-30,0,17.962499999999999,13,
2014-05-31,3,15.9125,15,
2014-06-01,7,13.824999999999999,6,21
2014-06-02,0,17.625,9,
2014-06-03,1,20,9,
2014-06-04,1,21.487500000000001,14,
2014-06-05,5,15.0375,18,65
2014-06-06,3,19.3125,12,
2014-06-07,0,17.962499999999999,8,
2014-06-08,6,22.100000000000001,12,21
2014-06-09,0,20.662500000000001,10,
2014-06-10,1,25.787500000000001,9,
2014-06-11,7,20.5,8,61
2014-06-12,4,19.550000000000001,12,
2014-06-13,7,17.449999999999999,18,21
2014-06-14,1,18.912500000000001,13,
2014-06-15,0,19.274999999999999,8,
2014-06-16,6,18.3125,10,0
2014-06-17,1,20.375,7,
2014-06-18,3,19.300000000000001,13,
2014-06-19,7,15.2875,19,21
2014-06-20,7,15.987500000000001,16,
2014-06-21,6,15.512499999999999,18,61
2014-06-22,5,15.699999999999999,19,
2014-06-23,4,16.5,17,
2014-06-24,7,14.362500000000001,7,21
2014-06-25,0,18.4375,10,
2014-06-26,6,17.574999999999999,8,63
2014-06-27,4,20.162500000000001,7,95
2014-06-28,6,16.962499999999999,6,95
2014-06-29,7,17.3125,8,61
2014-06-30,3,18.337499999999999,12,
2014-07-01,6,15.6875,14,61
2014-07-02,6,17.112500000000001,15,
2014-07-03,7,20.399999999999999,9,
2014-07-04,0,26.9375,10,
2014-07-05,6,24.587499999999999,10,65
2014-07-06,5,25.237500000000001,6,
2014-07-07,5,20.800000000000001,10,
2014-07-08,7,19.600000000000001,15,63
2014-07-09,0,24.649999999999999,24,5
2014-07-10,0,24.757142000000002,18,0
2014-07-11,1,22.9375,18,
2014-07-12,0,20.375,12,
2014-07-13,7,18.600000000000001,10,61
2014-07-14,7,19.449999999999999,15,63
2014-07-15,6,22.262499999999999,9,
2014-07-16,6,19.412500000000001,7,
2014-07-17,4,22.762499999999999,7,
2014-07-18,1,26.050000000000001,10,
2014-07-19,0,28.0625,13,
2014-07-20,3,24.3125,15,
2014-07-21,0,23.487500000000001,19,5
2014-07-22,0,24.987500000000001,14,
2014-07-23,0,25,14,
2014-07-24,0,24.837499999999999,11,
2014-07-25,0,26.324999999999999,18,
2014-07-26,6,22.375,10,21
2014-07-27,3,25.550000000000001,12,21
2014-07-28,0,24.762499999999999,7,
2014-07-29,0,25.350000000000001,10,
2014-07-30,6,22.925000000000001,12,
2014-07-31,3,22.4375,12,21
2014-08-01,1,26.725000000000001,8,
2014-08-02,2,26.087499999999999,12,
2014-08-03,5,23.087499999999999,9,63
2014-08-04,6,22.512499999999999,8,
2014-08-05,5,23.087499999999999,10,
2014-08-06,0,22.824999999999999,10,
2014-08-07,7,20.3125,6,61
2014-08-08,3,22.725000000000001,8,
2014-08-09,6,20.100000000000001,17,61
2014-08-10,6,23.100000000000001,12,
2014-08-11,4,20.074999999999999,13,21
2014-08-12,5,16.912500000000001,12,95
2014-08-13,2,20.9375,10,
2014-08-14,7,18.050000000000001,10,65
2014-08-15,6,18.362500000000001,8,61
2014-08-16,6,17.199999999999999,15,61
2014-08-17,7,15.65,13,61
2014-08-18,6,15.199999999999999,15,61
2014-08-19,6,14.0875,12,61
2014-08-20,5,15.675000000000001,17,21
2014-08-21,5,16.262499999999999,11,21
2014-08-22,7,16.324999999999999,12,61
2014-08-23,4,15.987500000000001,11,21
2014-08-24,3,16.3125,20,21
2014-08-25,5,14.7875,13,65
2014-08-26,3,17.324999999999999,7,
2014-08-27,1,19.875,9,
2014-08-28,0,19.75,9,0
2014-08-29,5,19.125,12,63
2014-08-30,7,17.75,9,61
2014-08-31,7,16.375,8,21
2014-09-01,7,17.875,12,61
2014-09-02,2,18.375,13,
2014-09-03,2,18.75,13,
2014-09-04,0,20,15,
2014-09-05,2,21.375,10,
2014-09-06,2,24,5,
2014-09-07,5,20,6,21
2014-09-08,4,17.375,12,21
2014-09-09,6,17.125,16,63
2014-09-10,2,18.625,12,
2014-09-11,4,17.375,13,
2014-09-12,1,18.25,11,
2014-09-13,7,17,12,
2014-09-14,7,17.625,14,61
2014-09-15,2,19.75,13,
2014-09-16,0,20.125,13,
2014-09-17,1,19.875,18,
2014-09-18,0,20.5,13,
2014-09-19,0,20.75,9,5
2014-09-20,3,19.375,7,10
2014-09-21,4,17,15,21
2014-09-22,6,13,17,21
2014-09-23,4,14.75,6,
2014-09-24,7,15.375,10,63
2014-09-25,7,14.5,17,61
2014-09-26,7,16.75,13,61
2014-09-27,2,16.375,14,
2014-09-28,4,18.5,7,
2014-09-29,6,18.125,6,
2014-09-30,7,16.5,5,61
2014-10-01,6,17.75,6,10
2014-10-02,6,18,6,
2014-10-03,3,20,6,10
2014-10-04,0,18.5,8,5
2014-10-05,1,16.25,7,
2014-10-06,2,15.75,15,10
2014-10-07,7,13,10,65
2014-10-08,6,14.125,10,61
2014-10-09,5,17.875,10,
2014-10-10,4,16.375,10,
2014-10-11,3,17,5,
2014-10-12,5,15.125,7,20
2014-10-13,7,12.625,12,63
2014-10-14,6,14,5,61
2014-10-15,7,13.875,6,21
2014-10-16,7,13.5,6,61
2014-10-17,7,14.375,10,65
2014-10-18,7,15.25,7,21
2014-10-19,7,17.375,13,95
2014-10-20,6,14.625,18,61
2014-10-21,7,12.5,9,63
2014-10-22,6,13,12,0
2014-10-23,6,13.125,7,0
2014-10-24,7,13.5,9,
2014-10-25,7,12.125,7,61
2014-10-26,5,12.75,9,0
2014-10-27,2,14.5,9,
2014-10-28,0,13.875,8,
2014-10-29,7,8.375,7,20
2014-10-30,2,10.625,5,10
2014-10-31,8,12.875,5,10
2014-11-01,2,16.5,8,0
2014-11-02,3,15.375,10,21
2014-11-03,4,13.75,12,0
2014-11-04,7,11.625,8,61
2014-11-05,7,9.5,11,61
2014-11-06,5,8.875,10,0
2014-11-07,0,8.625,9,10
2014-11-08,6,10.25,8,
2014-11-09,3,10.625,8,
2014-11-10,6,8.75,7,61
2014-11-11,2,8.625,7,10
2014-11-12,7,9.75,10,10
2014-11-13,7,10.75,4,28
2014-11-14,7,10.75,10,10
2014-11-15,8,9.25,14,10
2014-11-16,7,8,14,61
2014-11-17,7,9.625,7,10
2014-11-18,7,8.875,13,61
2014-11-19,7,8.5,11,61
2014-11-20,5,6.125,7,0
2014-11-21,6,6.5,5,61
2014-11-22,7,5.75,9,61
2014-11-23,6,6.75,7,21
2014-11-24,3,9.375,10,0
2014-11-25,0,6.875,4,0
2014-11-26,3,5.625,8,
2014-11-27,0,4.5,10,10
2014-11-28,6,1.625,16,10
2014-11-29,8,1,10,5
2014-11-30,8,0,11,10
2014-12-01,7,-2,13,10
2014-12-02,8,-3,7,10
2014-12-03,7,0.625,10,10
2014-12-04,8,3.75,9,61
2014-12-05,7,2,7,61
2014-12-06,2,5.75,7,10
2014-12-07,7,4.875,12,61
2014-12-08,7,3.25,8,61
2014-12-09,8,2.125,9,45
2014-12-10,5,4.875,13,61
2014-12-11,7,4,12,95
2014-12-12,7,7.25,18,61
2014-12-13,5,4.75,10,61
2014-12-14,4,3.5,9,10
2014-12-15,7,4.75,11,61
2014-12-16,8,4.625,12,61
2014-12-17,7,3.625,10,61
2014-12-18,7,10,11,61
2014-12-19,5,8.125,15,61
2014-12-20,6,5.375,24,21
2014-12-21,6,6.625,14,21
2014-12-22,7,9.75,21,63
2014-12-23,7,9.125,19,61
2014-12-24,5,7.75,21,61
2014-12-25,7,3.125,17,71
2014-12-26,6,0,6,22
2014-12-27,3,-0.25,8,
2014-12-28,1,-0.5,7,0
2014-12-29,5,0.75,10,0
2014-12-30,7,5.25,9,21
2014-12-31,6,7.375,11,61
2015-01-01,8,4.125,13,10
2015-01-02,6,7.75,24,61
2015-01-03,7,4.875,25,69
2015-01-04,0,4.75,15,
2015-01-05,8,5.875,8,20
2015-01-06,8,3.625,8,10
2015-01-07,6,5.75,10,61
2015-01-08,8,6.375,9,61
2015-01-09,6,7.5,25,63
2015-01-10,6,10,28,61
2015-01-11,5,4.25,23,61
2015-01-12,7,7.5,19,61
2015-01-13,7,7.75,14,61
2015-01-14,6,3.125,16,71
2015-01-15,7,6.75,14,61
2015-01-16,6,6.75,13,0
2015-01-17,1,4.25,12,21
2015-01-18,8,2,9,61
2015-01-19,7,1,5,71
2015-01-20,7,-0.375,4,77
2015-01-21,8,-1.125,4,10
2015-01-22,7,-1.375,3,49
2015-01-23,8,-1.25,5,20
2015-01-24,7,-0.5,10,71
2015-01-25,6,2.875,6,
2015-01-26,7,3.375,10,61
2015-01-27,2,4.875,13,
2015-01-28,7,4.875,17,61
2015-01-29,7,1.5,12,75
2015-01-30,7,1.125,6,
2015-01-31,7,-2.375,7,49
2015-02-01,7,-0.25,9,75
2015-02-02,6,1,10,22
2015-02-03,7,-1,10,77
2015-02-04,6,-1.875,9,0
2015-02-05,5,0.75,10,22
2015-02-06,2,-0.5,6,22
2015-02-07,7,4.125,18,20
2015-02-08,1,3.375,14,
2015-02-09,7,6.875,13,61
2015-02-10,7,7.625,11,
2015-02-11,8,4,5,
2015-02-12,8,2,4,10
2015-02-13,8,1.25,6,10
2015-02-14,7,1.625,9,28
2015-02-15,7,3.125,16,10
2015-02-16,8,2,9,10
2015-02-17,6,1.125,7,45
2015-02-18,3,5.5,12,10
2015-02-19,0,6.25,13,5
2015-02-20,8,3.875,11,71
2015-02-21,7,3.875,16,61
2015-02-22,5,5.25,13,0
2015-02-23,7,4.5,12,61
2015-02-24,7,5.625,12,61
2015-02-25,5,5.875,10,
2015-02-26,5,6.625,10,0
2015-02-27,7,4.5,9,61
2015-02-28,3,5.625,10,0
2015-03-01,7,6.75,15,61
2015-03-02,6,5.125,23,61
2015-03-03,6,5,14,61
2015-03-04,6,5,18,61
2015-03-05,7,6.625,14,
2015-03-06,7,8.125,12,20
2015-03-07,7,10.125,13,0
2015-03-08,0,14,12,
2015-03-09,4,8.375,6,
2015-03-10,3,9.5,13,10
2015-03-11,0,9.125,12,
2015-03-12,0,7.125,10,0
2015-03-13,6,4.875,15,
2015-03-14,7,5.125,15,
2015-03-15,7,5.75,13,21
2015-03-16,2,8.625,13,10
2015-03-17,1,10.75,11,5
2015-03-18,4,10.625,8,
2015-03-19,0,10.375,9,0
2015-03-20,7,5,9,45
2015-03-21,7,4.5,21,61
2015-03-22,0,4.375,8,
2015-03-23,0,7.75,12,
2015-03-24,6,7.875,6,0
2015-03-25,6,7.875,14,5
2015-03-26,7,7.125,9,0
2015-03-27,7,7,7,61
2015-03-28,7,8.5,10,
2015-03-29,7,8.25,12,61
2015-03-30,6,6.5,29,61
2015-03-31,7,6.375,35,61
2015-04-01,4,5,24,22
2015-04-02,6,6.5,19,61
2015-04-03,5,7.375,14,
2015-04-04,0,8.375,11,
2015-04-05,3,8.625,11,
2015-04-06,0,7.75,10,
2015-04-07,7,7.75,14,61
2015-04-08,2,12,11,
2015-04-09,2,11.875,7,0
2015-04-10,1,14.125,8,5
2015-04-11,2,16.75,14,61
2015-04-12,5,12.375,16,
2015-04-13,4,8.875,21,61
2015-04-14,7,10.75,17,61
2015-04-15,0,15.5,19,5
2015-04-16,6,9.375,16,21
2015-04-17,0,10.5,15,
2015-04-18,0,10.875,8,
2015-04-19,0,10.125,11,
2015-04-20,0,14.25,9,
2015-04-21,0,14.625,17,5
2015-04-22,0,12.125,7,
2015-04-23,1,13.625,12,
2015-04-24,2,13.875,9,20
2015-04-25,7,13.75,8,63
2015-04-26,8,7,11,61
2015-04-27,4,10.125,11,
2015-04-28,3,10.25,13,
2015-04-29,5,12.625,12,
2015-04-30,6,11.375,10,61
2015-05-01,6,10,6,21
2015-05-02,3,11,12,0
2015-05-03,1,14.75,12,61
2015-05-04,5,15.875,13,21
2015-05-05,4,20,15,95
2015-05-06,3,17.125,11,21
2015-05-07,6,12,16,21
2015-05-08,2,11.5,11,
2015-05-09,7,13.5,14,61
2015-05-10,2,12.75,18,0
2015-05-11,0,19.75,11,
2015-05-12,7,14.625,14,63
2015-05-13,7,11.875,16,21
2015-05-14,7,11.25,10,20
2015-05-15,6,13.5,9,
2015-05-16,7,10.5,11,61
2015-05-17,3,12.625,17,21
2015-05-18,6,11.625,8,61
2015-05-19,6,10.125,11,63
2015-05-20,5,12.25,9,63
2015-05-21,6,12.625,10,61
2015-05-22,4,17,12,
2015-05-23,5,13.375,8,0
2015-05-24,2,14.375,8,
2015-05-25,7,11.75,10,61
2015-05-26,6,13,14,21
2015-05-27,7,12.625,13,61
2015-05-28,6,13.125,12,63
2015-05-29,6,14.625,8,61
2015-05-30,4,11.625,15,61
2015-05-31,7,14.5,10,61
2015-06-01,5,14.25,16,
2015-06-02,7,14.25,14,61
2015-06-03,6,15.25,18,21
2015-06-04,0,16.375,9,0
2015-06-05,0,22.625,9,
2015-06-06,3,18.5,19,10
2015-06-07,4,16.625,15,
2015-06-08,6,14.375,12,
2015-06-09,3,15.25,8,
2015-06-10,0,18,7,
2015-06-11,1,16,10,
2015-06-12,0,20.25,10,
2015-06-13,6,21.875,12,61
2015-06-14,7,14.375,12,
2015-06-15,8,13.625,11,21
2015-06-16,7,13.625,14,
2015-06-17,7,16.5,9,61
2015-06-18,7,13.25,13,61
2015-06-19,7,14.25,14,61
2015-06-20,5,17.125,13,
2015-06-21,6,15.75,6,
2015-06-22,5,13.5,8,61
2015-06-23,5,16.5,10,21
2015-06-24,8,12.625,14,61
2015-06-25,6,17.125,8,21
2015-06-26,7,19.25,5,61
2015-06-27,7,19.375,16,61
2015-06-28,2,19.875,10,
2015-06-29,3,21.5,12,
2015-06-30,3,20.25,9,
2015-07-01,0,23.125,13,
2015-07-02,0,27.375,12,
2015-07-03,1,25.625,10,
2015-07-04,0,26.5,10,
2015-07-05,4,25.25,9,21
2015-07-06,3,19.875,16,
2015-07-07,4,24.75,9,61
2015-07-08,6,16.625,16,63
2015-07-09,6,14.375,24,61
2015-07-10,3,16.125,18,21
2015-07-11,6,17.75,9,21
2015-07-12,7,19.25,12,61
2015-07-13,6,19.375,11,
2015-07-14,3,19.625,9,0
2015-07-15,3,20.125,14,
2015-07-16,4,18.75,7,
2015-07-17,4,23.25,12,21
2015-07-18,2,20.875,16,
2015-07-19,7,14.5,5,63
2015-07-20,6,18.375,12,20
2015-07-21,3,21.375,16,0
2015-07-22,2,23.75,12,0
2015-07-23,5,18.375,12,61
2015-07-24,7,19.375,10,
2015-07-25,6,20,10,95
2015-07-26,5,16.75,19,61
2015-07-27,7,15.875,8,61
2015-07-28,7,17.375,15,63
2015-07-29,5,14.875,12,61
2015-07-30,7,14,16,61
2015-07-31,7,15.875,15,
2015-08-01,0,17.625,12,
2015-08-02,0,21.5,8,
2015-08-03,0,26,7,
2015-08-04,2,26.5,15,61
2015-08-05,2,21.75,8,21
2015-08-06,1,27.625,6,
2015-08-07,4,20,9,63
2015-08-08,6,19.125,10,
2015-08-09,0,21,10,
2015-08-10,3,22.5,8,21
2015-08-11,4,22.125,7,
2015-08-12,5,19.125,9,21
2015-08-13,0,20.75,13,0
2015-08-14,4,24,14,
2015-08-15,7,20.875,8,61
2015-08-16,6,21.5,10,0
2015-08-17,7,19.375,14,61
2015-08-18,7,19.25,13,21
2015-08-19,3,19.625,8,5
2015-08-20,1,20.375,8,10
2015-08-21,1,22.875,7,0
2015-08-22,0,23.5,12,
2015-08-23,0,21.625,18,0
2015-08-24,6,20.75,8,
2015-08-25,6,17.75,12,21
2015-08-26,5,22.125,9,
2015-08-27,6,18.125,12,61
2015-08-28,2,19.625,11,20
2015-08-29,4,20.125,6,
2015-08-30,5,19.375,10,21
2015-08-31,3,21.875,8,65
2015-09-01,8,17.625,12,61
2015-09-02,5,17,13,21
2015-09-03,3,17.75,8,
2015-09-04,7,15.625,10,61
2015-09-05,5,14.125,20,61
2015-09-06,5,17,18,
2015-09-07,0,17.25,12,
2015-09-08,2,17.5,9,0
2015-09-09,1,16.875,10,
2015-09-10,1,17.625,14,
2015-09-11,7,15,12,61
2015-09-12,5,18.5,8,
2015-09-13,6,18.5,5,20
2015-09-14,7,17.625,6,63
2015-09-15,4,13.875,10,95
2015-09-16,7,15.25,6,61
2015-09-17,6,18,12,61
2015-09-18,5,17.25,10,0
2015-09-19,7,15.25,7,61
2015-09-20,3,15.625,15,21
2015-09-21,7,13.375,6,61
2015-09-22,7,14.25,7,61
2015-09-23,7,14,5,20
2015-09-24,3,16,11,0
2015-09-25,4,14.875,8,61
2015-09-26,4,15.25,7,21
2015-09-27,1,15.25,8,
2015-09-28,2,14.625,7,0
2015-09-29,2,15.625,9,0
2015-09-30,0,15.375,6,0
2015-10-01,1,14.75,9,0
2015-10-02,2,15.375,7,10
2015-10-03,2,14.375,9,0
2015-10-04,6,15.625,7,45
2015-10-05,0,16.5,5,10
2015-10-06,7,14.875,14,10
2015-10-07,8,13,7,63
2015-10-08,7,11.875,5,10
2015-10-09,7,11.125,7,21
2015-10-10,1,9.75,14,0
2015-10-11,0,10.25,13,5
2015-10-12,0,8.625,12,5
2015-10-13,7,7.75,10,61
2015-10-14,7,9,11,61
2015-10-15,7,10.375,16,61
2015-10-16,7,10,14,61
2015-10-17,7,10.75,9,61
2015-10-18,8,11.125,10,61
2015-10-19,6,9.25,7,0
2015-10-20,7,10.25,8,20
2015-10-21,7,11.25,7,
2015-10-22,7,12.25,10,61
2015-10-23,1,13.375,15,
2015-10-24,8,12.375,6,
2015-10-25,2,12.25,15,
2015-10-26,0,11.375,6,0
2015-10-27,0,10.75,10,
2015-10-28,1,11.25,10,5
2015-10-29,2,10.5,4,10
2015-10-30,7,11.375,5,10
2015-10-31,1,11.75,9,10
2015-11-01,4,10.75,6,10
2015-11-02,8,9.75,5,10
2015-11-03,7,5.125,4,45
2015-11-04,1,8,4,10
2015-11-05,6,13.375,5,61
2015-11-06,8,13.75,6,61
2015-11-07,7,14.625,9,61
2015-11-08,1,13,12,
2015-11-09,5,12,15,21
2015-11-10,7,15,18,61
2015-11-11,8,13.625,12,61
2015-11-12,2,13.125,17,0
2015-11-13,4,11.75,19,21
2015-11-14,4,8.125,14,21
2015-11-15,7,8.5,4,61
2015-11-16,7,12.25,12,53
2015-11-17,7,10.75,8,21
2015-11-18,6,10.75,19,21
2015-11-19,7,10.125,20,61
2015-11-20,7,7.75,9,61
2015-11-21,7,4.5,15,63
2015-11-22,7,2.25,18,73
2015-11-23,4,3.125,8,
2015-11-24,7,3.125,14,61
2015-11-25,7,5.125,7,61
2015-11-26,0,5.5,7,
2015-11-27,7,5.25,11,
2015-11-28,2,6.125,11,61
2015-11-29,7,8.25,15,63
2015-11-30,5,5.75,18,61
2015-12-01,6,6.75,10,21
2015-12-02,7,10.5,9,21
2015-12-03,8,9.125,8,61
2015-12-04,6,9.25,17,61
2015-12-05,6,9,14,61
2015-12-06,7,10.875,19,20
2015-12-07,6,8.25,3,
2015-12-08,0,10.75,8,0
2015-12-09,3,8.75,12,21
2015-12-10,7,6.625,13,21
2015-12-11,5,6.125,11,63
2015-12-12,3,6.875,10,61
2015-12-13,1,5.25,9,
2015-12-14,7,3.625,6,21
2015-12-15,7,5.5,8,61
2015-12-16,8,6.25,7,10
2015-12-17,7,11.875,9,53
2015-12-18,8,10.375,15,61
2015-12-19,6,11.375,10,0
2015-12-20,5,12.5,9,
2015-12-21,7,10.25,14,21
2015-12-22,7,11.25,17,61
2015-12-23,6,10.375,20,61
2015-12-24,3,8.375,11,61
2015-12-25,2,7.875,14,0
2015-12-26,7,12.75,18,63
2015-12-27,7,10.875,15,61
2015-12-28,8,4.75,11,
2015-12-29,7,5.125,11,
2015-12-30,8,5.25,9,0
2015-12-31,7,2,10,61
2016-01-01,7,4.5,6,28
2016-01-02,8,0,16,10
2016-01-03,7,-5.5,13,0
2016-01-04,5,-6,15,10
2016-01-05,1,-3.625,14,5
2016-01-06,0,-3,12,5
2016-01-07,7,-4,13,22
2016-01-08,7,1.75,20,61
2016-01-09,4,2.875,6,21
2016-01-10,7,2.125,8,63
2016-01-11,7,2.5,6,45
2016-01-12,7,4,8,63
2016-01-13,8,1.875,14,61
2016-01-14,6,1.75,6,10
2016-01-15,7,2.125,12,10
2016-01-16,7,0.5,5,10
2016-01-17,3,-1.375,9,
2016-01-18,6,-1.75,6,10
2016-01-19,7,-2.5,10,73
2016-01-20,7,-1.625,8,28
2016-01-21,4,-4.875,5,20
2016-01-22,1,-3,7,10
2016-01-23,6,3.125,6,49
2016-01-24,7,5.125,7,10
2016-01-25,8,9,9,45
2016-01-26,7,7.875,9,
2016-01-27,7,10.375,15,61
2016-01-28,5,6.75,16,21
2016-01-29,7,8.125,17,61
2016-01-30,7,6.625,17,65
2016-01-31,6,4.125,13,61
2016-02-01,7,7.875,21,61
2016-02-02,6,7.5,20,61
2016-02-03,6,4.75,15,61
2016-02-04,5,4.25,12,22
2016-02-05,7,4.5,10,61
2016-02-06,7,9.375,11,21
2016-02-07,6,9.75,12,21
2016-02-08,7,8.5,16,63
2016-02-09,5,6.75,15,61
2016-02-10,7,3.75,9,61
2016-02-11,7,5.25,7,61
2016-02-12,7,3.5,6,61
2016-02-13,6,2,8,20
2016-02-14,8,2.875,20,61
2016-02-15,8,0.75,14,
2016-02-16,0,2.125,5,
2016-02-17,1,1.75,10,0
2016-02-18,5,1.875,6,10
2016-02-19,7,3.25,6,61
2016-02-20,7,6,12,61
2016-02-21,7,6.875,12,61
2016-02-22,6,5.875,15,61
2016-02-23,4,6.125,17,61
2016-02-24,3,4,15,61
2016-02-25,6,3.5,10,53
2016-02-26,6,3.625,8,
2016-02-27,4,1.5,5,45
2016-02-28,1,3.5,6,0
2016-02-29,7,2.125,10,0
2016-03-01,5,2.25,8,
2016-03-02,7,5,16,63
2016-03-03,7,4.75,5,21
2016-03-04,2,3.875,9,10
2016-03-05,8,3.25,5,61
2016-03-06,7,4.5,11,10
2016-03-07,6,4.75,10,20
2016-03-08,6,5,10,61
2016-03-09,0,6.75,9,5
2016-03-10,8,4.375,11,10
2016-03-11,8,3.5,11,
2016-03-12,8,2.75,7,0
2016-03-13,8,0.875,8,10
2016-03-14,8,5,8,10
2016-03-15,5,5.75,12,61
2016-03-16,1,6.375,11,0
2016-03-17,0,9.25,12,0
2016-03-18,8,5.375,9,21
2016-03-19,7,6,15,45
2016-03-20,6,8.625,15,61
2016-03-21,7,7.5,19,61
2016-03-22,7,8.125,13,61
2016-03-23,1,9.125,13,
2016-03-24,7,7.375,10,21
2016-03-25,8,7.875,7,61
2016-03-26,1,9.75,9,0
2016-03-27,7,8.625,12,61
2016-03-28,6,11.625,18,61
2016-03-29,6,10,13,21
2016-03-30,5,8.5,15,61
2016-03-31,4,9,13,21
2016-04-01,0,9.125,7,
2016-04-02,3,12.75,8,
2016-04-03,7,15.5,5,21
2016-04-04,6,17.375,6,21
2016-04-05,7,10,7,61
2016-04-06,6,11.125,12,61
2016-04-07,6,8.625,13,21
2016-04-08,6,9,9,63
2016-04-09,4,10.125,11,0
2016-04-10,7,10.875,13,
2016-04-11,1,10,15,5
2016-04-12,6,8,9,61
2016-04-13,5,9.75,11,10
2016-04-14,6,10,8,0
2016-04-15,7,10.625,8,61
2016-04-16,6,12.75,15,53
2016-04-17,4,9.875,19,21
2016-04-18,7,9.625,16,21
2016-04-19,5,9.5,23,21
2016-04-20,2,10.5,17,
2016-04-21,2,11.625,16,
2016-04-22,5,10.5,12,
2016-04-23,3,8.875,17,21
2016-04-24,4,5.75,10,21
2016-04-25,8,4.625,10,61
2016-04-26,7,2.5,7,75
2016-04-27,7,4.875,8,61
2016-04-28,6,7.5,16,61
2016-04-29,6,9.75,13,61
2016-04-30,8,8,7,61
2016-05-01,0,10.75,9,
2016-05-02,1,17.875,6,
2016-05-03,6,11.375,15,61
2016-05-04,1,12.375,10,
2016-05-05,0,15.125,13,
2016-05-06,0,19,14,
2016-05-07,0,22.125,12,
2016-05-08,0,21.375,17,
2016-05-09,0,19.875,12,
2016-05-10,0,20.875,14,
2016-05-11,0,20.625,15,
2016-05-12,0,15.625,17,0
2016-05-13,2,17.5,16,65
2016-05-14,7,10,14,21
2016-05-15,6,9.75,12,61
2016-05-16,5,11.25,16,
2016-05-17,7,10.75,15,21
2016-05-18,5,16.75,7,
2016-05-19,2,19.5,10,0
2016-05-20,8,14.75,11,61
2016-05-21,6,19.375,9,21
2016-05-22,1,25,9,
2016-05-23,7,15.5,8,21
2016-05-24,8,14.25,10,21
2016-05-25,7,16.5,6,20
2016-05-26,7,14.375,6,61
2016-05-27,4,15.875,9,61
2016-05-28,2,18.625,11,
2016-05-29,6,17,13,21
2016-05-30,4,20.25,17,0
2016-05-31,1,20.625,13,0
2016-06-01,4,21.75,16,0
2016-06-02,1,21.5,13,
2016-06-03,0,21.875,10,
2016-06-04,0,24.5,7,
2016-06-05,0,25.25,9,
2016-06-06,1,22.875,15,
2016-06-07,1,25.375,8,
2016-06-08,4,18.875,13,
2016-06-09,1,19.5,16,
2016-06-10,3,18.125,13,
2016-06-11,0,17.375,12,
2016-06-12,7,13.875,7,61
2016-06-13,7,15.25,11,63
2016-06-14,7,16.5,8,61
2016-06-15,6,18.25,8,95
2016-06-16,6,18.25,7,63
2016-06-17,6,18.125,10,21
2016-06-18,6,18,12,21
2016-06-19,7,16,14,
2016-06-20,4,20.875,10,61
2016-06-21,4,19.875,9,
2016-06-22,5,22.125,9,61
2016-06-23,5,27.875,8,
2016-06-24,5,24.125,9,
2016-06-25,7,18.25,14,95
2016-06-26,5,19.25,11,0
2016-06-27,7,19.375,10,61
2016-06-28,4,18.375,11,21
2016-06-29,5,18.75,9,21
2016-06-30,7,18.25,9,61
2016-07-01,8,19.25,7,63
2016-07-02,7,15.625,12,61
2016-07-03,4,17.125,12,61
2016-07-04,6,17.25,10,61
2016-07-05,7,17.125,10,95
2016-07-06,5,16.5,22,21
2016-07-07,6,18.25,11,21
2016-07-08,6,19.125,8,63
2016-07-09,5,19.125,12,
2016-07-10,6,24.125,8,
2016-07-11,6,20,13,21
2016-07-12,4,19.125,14,95
2016-07-13,6,16.375,6,63
2016-07-14,7,16.375,12,53
2016-07-15,7,17,16,61
2016-07-16,7,18,10,61
2016-07-17,7,17.25,9,61
2016-07-18,7,18.5,15,21
2016-07-19,6,22.375,12,20
2016-07-20,0,26,9,
2016-07-21,3,25.875,8,
2016-07-22,3,26,6,21
2016-07-23,3,25.375,9,
2016-07-24,0,25.25,10,
2016-07-25,4,25.375,7,95
2016-07-26,3,21.875,9,20
2016-07-27,4,21.375,6,
2016-07-28,4,21.25,7,20
2016-07-29,6,21,10,65
2016-07-30,4,19.625,10,65
2016-07-31,7,17.375,6,61
2016-08-01,3,18.5,14,61
2016-08-02,4,19.75,7,20
2016-08-03,7,19.375,9,61
2016-08-04,6,20.375,11,61
2016-08-05,4,20.5,15,21
2016-08-06,5,17.5,14,95
2016-08-07,6,21.125,13,21
2016-08-08,5,19,18,21
2016-08-09,5,15.375,18,21
2016-08-10,4,14.5,15,95
2016-08-11,7,13.875,9,61
2016-08-12,7,18.25,12,61
2016-08-13,7,18.125,12,61
2016-08-14,6,18.125,12,21
2016-08-15,5,18.625,11,
2016-08-16,2,19.375,10,
2016-08-17,0,19.571428000000001,8,
2016-08-18,3,18.25,9,
2016-08-19,3,20.375,8,
2016-08-20,7,20.25,9,61
2016-08-21,4,19.875,9,21
2016-08-22,7,18.375,10,65
2016-08-23,6,21.75,8,
2016-08-24,0,25.375,6,
2016-08-25,0,28.375,6,
2016-08-26,0,27.75,13,
2016-08-27,0,20.375,8,
2016-08-28,4,21.875,12,63
2016-08-29,3,18.5,15,21
2016-08-30,2,20.25,12,
2016-08-31,0,23.125,6,
2016-09-01,5,20.25,13,21
2016-09-02,4,19.125,8,61
2016-09-03,5,19.25,12,21
2016-09-04,6,19.25,8,61
2016-09-05,0,19.125,12,0
2016-09-06,2,21.75,6,
2016-09-07,0,23.625,6,
2016-09-08,0,25.625,7,
2016-09-09,2,21.375,10,0
2016-09-10,0,23.875,6,
2016-09-11,6,20.875,10,
2016-09-12,0,25.375,8,
2016-09-13,0,27.875,8,
2016-09-14,0,25.25,9,
2016-09-15,0,23.75,13,
2016-09-16,4,22.75,8,0
2016-09-17,5,18.875,14,
2016-09-18,7,16.75,15,21
2016-09-19,7,17,9,
2016-09-20,5,17.5,8,
2016-09-21,3,18.375,10,
2016-09-22,4,18.5,6,
2016-09-23,4,18.625,12,21
2016-09-24,0,18.625,6,
2016-09-25,0,21.375,8,
2016-09-26,4,18.25,6,0
2016-09-27,0,19.875,6,0
2016-09-28,6,19.125,19,
2016-09-29,7,17.375,13,61
2016-09-30,6,14,11,61
2016-10-01,3,15.875,6,
2016-10-02,3,15.75,7,21
2016-10-03,7,14.375,18,61
2016-10-04,5,13.25,16,
2016-10-05,3,12,19,
2016-10-06,7,11.25,17,20
2016-10-07,7,11.125,15,0
2016-10-08,5,11.625,16,
2016-10-09,7,9.125,10,61
2016-10-10,7,11.125,10,61
2016-10-11,7,9.875,20,61
2016-10-12,7,9.75,18,63
2016-10-13,6,10.875,15,0
2016-10-14,7,9.125,13,61
2016-10-15,8,8.625,12,61
2016-10-16,8,11.375,6,10
2016-10-17,8,9.75,6,10
2016-10-18,7,13.25,6,28
2016-10-19,8,7.625,4,61
2016-10-20,7,10.125,10,21
2016-10-21,6,9.875,10,61
2016-10-22,8,8.125,12,61
2016-10-23,7,8.625,4,21
2016-10-24,5,9.25,8,10
2016-10-25,5,9,8,0
2016-10-26,6,7.375,6,10
2016-10-27,7,13.375,9,21
2016-10-28,6,12.75,15,21
2016-10-29,4,11.375,16,20
2016-10-30,4,11,9,5
2016-10-31,7,12.125,6,61
2016-11-01,6,10.125,12,61
2016-11-02,4,7.25,13,21
2016-11-03,4,5.875,5,
2016-11-04,7,7.875,8,61
2016-11-05,7,5.5,5,61
2016-11-06,7,6.625,6,61
2016-11-07,7,3.5,14,61
2016-11-08,7,0.75,14,71
2016-11-09,0,1.25,4,10
2016-11-10,7,4,8,22
2016-11-11,4,4.875,10,21
2016-11-12,3,1.625,6,49
2016-11-13,4,1.375,9,5
2016-11-14,4,2,10,5
2016-11-15,7,7.75,9,61
2016-11-16,7,8.75,11,61
2016-11-17,6,7.75,9,21
2016-11-18,4,7.25,13,21
2016-11-19,6,6.625,11,21
2016-11-20,6,6.375,12,63
2016-11-21,7,11.5,6,61
2016-11-22,7,12.125,7,
2016-11-23,7,10,5,10
2016-11-24,0,4.5,8,10
2016-11-25,7,4,4,45
2016-11-26,7,5.875,10,61
2016-11-27,0,5.625,9,5
2016-11-28,1,2.875,11,
2016-11-29,3,3,9,10
2016-11-30,7,6.25,12,61
2016-12-01,8,8.5,19,61
2016-12-02,0,3.625,8,0
2016-12-03,4,-0.75,6,49
2016-12-04,8,4.125,6,
2016-12-05,7,3,7,
2016-12-06,7,6.25,5,61
2016-12-07,7,4.5,10,61
2016-12-08,8,8.625,12,10
2016-12-09,7,8.875,13,20
2016-12-10,7,9.5,10,61
2016-12-12,7,4.875,4,61
2016-12-13,7,6.2857139999999996,5,10
2016-12-14,7,4.625,6,45
2016-12-15,7,0,8,49
2016-12-16,8,-1,5,10
2016-12-17,8,2.125,6,10
2016-12-18,7,7,8,0
2016-12-19,8,5.75,4,0
2016-12-20,8,1.5,7,10
2016-12-21,6,3.625,10,10
2016-12-22,7,5.25,8,61
2016-12-23,7,6.375,9,10
2016-12-24,6,6.125,14,95
2016-12-25,7,9.375,16,61
2016-12-26,4,6.875,25,22
2016-12-27,6,8.25,21,
2016-12-28,4,7.125,12,0
2016-12-29,3,3.75,11,10
2016-12-30,4,1.75,10,10
2016-12-31,7,4.875,13,28
2017-01-01,8,5.5,12,61
2017-01-02,3,1.625,8,0
2017-01-03,7,6,16,61
2017-01-04,4,4,19,20
2017-01-05,4,-2.875,15,0
2017-01-06,1,-4.25,6,
2017-01-07,8,-0.5,11,71
2017-01-08,8,2.25,4,10
2017-01-09,8,2.5,6,20
2017-01-10,7,2.625,9,10
2017-01-11,7,4.625,15,61
2017-01-12,4,4.5,16,61
2017-01-13,3,3.125,7,61
2017-01-14,2,1.75,10,61
2017-01-15,5,1.375,10,71
2017-01-16,0,0.25,9,0
2017-01-17,7,0.5,4,10
2017-01-18,7,0.125,8,20
2017-01-19,8,1.5,8,61
2017-01-20,8,3.625,5,21
2017-01-21,7,5.75,5,10
2017-01-22,8,1.375,5,10
2017-01-23,7,1.125,8,10
2017-01-24,7,1.875,8,45
2017-01-25,7,-1.25,6,49
2017-01-26,6,1,7,10
2017-01-27,0,2.1428569999999998,7,5
2017-01-28,1,2.875,5,5
2017-01-29,7,4.75,8,61
2017-01-30,7,2.625,13,61
2017-01-31,7,3.125,15,10
2017-02-01,7,1.125,8,20
2017-02-02,7,1.75,6,61
2017-02-03,7,1.625,6,45
2017-02-04,7,5.75,6,61
2017-02-05,8,2,10,61
2017-02-06,7,2.5,12,61
2017-02-07,7,0,12,77
2017-02-08,8,-2,8,77
2017-02-09,8,-2.125,11,22
2017-02-10,7,-1.75,16,10
2017-02-11,7,0,17,0
2017-02-12,8,0.375,17,10
2017-02-13,0,-0.25,10,10
2017-02-14,2,-0.75,8,49
2017-02-15,0,5.875,4,5
2017-02-16,7,6.25,10,61
2017-02-17,7,6,9,61
2017-02-18,7,4.625,12,20
2017-02-19,7,5.625,8,61
2017-02-20,7,8,16,61
2017-02-21,6,7.625,18,
2017-02-22,6,7.375,20,61
2017-02-23,7,4.375,22,63
2017-02-24,1,4.125,15,21
2017-02-25,7,3.375,12,61
2017-02-26,7,7.5,11,61
2017-02-27,8,10.75,11,
2017-02-28,6,6,15,21
2017-03-01,6,5,14,63
2017-03-02,3,6.5,16,21
2017-03-03,2,8.375,10,0
2017-03-04,6,9.125,5,5
2017-03-05,7,7.375,12,61
2017-03-06,8,3.75,17,0
2017-03-07,7,1.75,7,20
2017-03-08,6,5.75,9,61
2017-03-09,7,7.375,8,21
2017-03-10,4,8.75,16,0
2017-03-11,2,7.75,9,0
2017-03-12,6,6.375,9,
2017-03-13,7,6.625,7,5
2017-03-14,6,10.5,13,0
2017-03-15,0,9.25,16,5
2017-03-16,5,11.75,9,
2017-03-17,6,6.75,18,63
2017-03-18,5,6.875,22,21
2017-03-19,8,3.875,9,79
2017-03-20,7,10.25,8,61
2017-03-21,5,8.75,20,21
2017-03-22,0,10.75,11,0
2017-03-23,4,8.125,11,
2017-03-24,0,10.5,7,0
2017-03-25,3,9.875,12,0
2017-03-26,3,9.375,7,0
2017-03-27,0,12.5,11,10
2017-03-28,0,13.875,7,0
2017-03-29,8,10,13,21
2017-03-30,7,16,12,61
2017-03-31,0,19.75,7,
2017-04-01,2,15.75,7,0
2017-04-02,2,13.375,13,0
2017-04-03,2,10.375,8,
2017-04-04,2,12.625,8,0
2017-04-05,5,9.875,18,21
2017-04-06,6,10,17,0
2017-04-07,6,11.125,18,20
2017-04-08,7,10.875,12,
2017-04-09,0,16,9,5
2017-04-10,7,9.5,19,21
2017-04-11,5,8.75,18,21
2017-04-12,7,8.75,13,61
2017-04-13,7,9,18,61
2017-04-14,7,9.25,12,63
2017-04-15,6,8.125,23,63
2017-04-16,7,6.875,7,61
2017-04-17,6,6.25,10,61
2017-04-18,4,5.625,15,
2017-04-19,0,6.375,10,0
2017-04-20,7,8.25,12,
2017-04-21,7,11.875,19,61
2017-04-22,5,7.5,21,61
2017-04-23,4,7.875,20,21
2017-04-24,7,8.875,17,63
2017-04-25,5,5.5,15,69
2017-04-26,6,7.625,7,61
2017-04-27,6,8.625,13,61
2017-04-28,7,8.625,10,61
2017-04-29,4,7.125,9,61
2017-04-30,1,11.875,12,0
2017-05-01,1,11.75,19,5
2017-05-02,2,10.875,21,5
2017-05-03,3,11.25,20,5
2017-05-04,7,10.625,19,
2017-05-05,7,8.25,15,61
2017-05-06,7,11,7,0
2017-05-07,0,17.125,9,0
2017-05-08,1,9.75,19,5
2017-05-09,4,10,12,
2017-05-10,7,9.25,11,61
2017-05-11,0,13.375,14,
2017-05-12,7,12.75,13,61
2017-05-13,6,17.875,6,21
2017-05-14,2,18.75,12,0
2017-05-15,3,17.375,9,0
2017-05-16,7,14.125,8,61
2017-05-17,6,23.125,7,
2017-05-18,4,23.125,12,
2017-05-19,6,17.375,7,21
2017-05-20,4,16,12,
2017-05-21,1,18.625,12,
2017-05-22,0,17.75,9,
2017-05-23,4,22.125,15,95
2017-05-24,3,17.125,18,0
2017-05-25,2,18.875,12,
2017-05-26,0,20.75,6,0
2017-05-27,0,24.75,7,
2017-05-28,1,22.375,14,61
2017-05-29,5,18.75,7,0
2017-05-30,6,20.5,14,5
2017-05-31,5,15.5,18,5
2017-06-01,0,17.375,12,5
2017-06-02,0,20.25,9,
2017-06-03,7,17.5,5,61
2017-06-04,5,17.125,14,61
2017-06-05,1,20.125,9,0
2017-06-06,4,21.625,10,61
2017-06-07,7,12.25,14,63
2017-06-08,7,14.875,8,61
2017-06-09,6,20.25,14,95
2017-06-10,5,19.25,10,0
2017-06-11,2,25,11,
2017-06-12,7,16.25,16,61
2017-06-13,6,16.125,16,21
2017-06-14,7,19.125,9,
2017-06-15,3,22.75,6,21
2017-06-16,5,17.375,20,21
2017-06-17,0,20.125,15,0
2017-06-18,2,24.25,9,
2017-06-19,1,25.375,7,0
2017-06-20,0,20.75,12,0
2017-06-21,3,18.75,10,
2017-06-22,3,20.25,10,95
2017-06-23,7,17.25,14,61
2017-06-24,6,17.875,19,61
2017-06-25,7,17.25,16,20
2017-06-26,3,17.375,16,21
2017-06-27,3,16.375,9,
2017-06-28,6,19.75,18,
2017-06-29,7,17.875,8,61
2017-06-30,7,14.875,11,63
2017-07-01,7,17.625,10,21
2017-07-02,7,17.125,18,21
2017-07-03,7,18.625,14,95
2017-07-04,6,17.25,15,
2017-07-05,2,19,9,
2017-07-06,0,18.375,8,
2017-07-07,5,20.625,7,61
2017-07-08,4,20.625,16,21
2017-07-09,1,19.125,9,
2017-07-10,7,17.5,6,61
2017-07-11,6,19.875,11,95
2017-07-12,7,14.75,12,61
2017-07-13,6,16.875,15,
2017-07-14,3,19.5,8,
2017-07-15,7,18.75,10,21
2017-07-16,8,17.375,9,61
2017-07-17,6,18.5,12,
2017-07-18,5,18.75,7,
2017-07-19,1,22.5,13,0
2017-07-20,7,21.5,5,61
2017-07-21,2,20.5,10,
2017-07-22,7,18.5,9,63
2017-07-23,6,19.375,12,61
2017-07-24,7,18.75,10,21
2017-07-25,7,16.25,16,63
2017-07-26,0,20.875,10,
2017-07-27,6,19.5,10,61
2017-07-28,6,18.125,17,61
2017-07-29,5,19.625,11,61
2017-07-30,5,24,11,61
2017-07-31,2,22.75,9,
2017-08-01,6,21.375,7,21
2017-08-02,5,21.375,8,61
2017-08-03,7,20.125,10,95
2017-08-04,6,19.625,18,21
2017-08-05,4,20.125,12,
2017-08-06,3,18.5,13,21
2017-08-07,2,22.487500000000001,8,
2017-08-08,6,23.0625,8,21
2017-08-09,1,21.125,11,0
2017-08-10,6,19.600000000000001,9,
2017-08-11,7,16.375,8,61
2017-08-12,7,15.5625,8,61
2017-08-13,4,17.824999999999999,11,21
2017-08-14,1,18.637499999999999,12,0
2017-08-15,2,25.0625,9,
2017-08-16,3,20.862500000000001,8,0
2017-08-17,5,21.800000000000001,10,63
2017-08-18,6,19.662500000000001,7,0
2017-08-19,5,16.9375,11,63
2017-08-20,6,16.012499999999999,10,61
2017-08-21,7,17.199999999999999,15,61
2017-08-22,4,17.612500000000001,11,
2017-08-23,0,19.4375,9,5
2017-08-24,3,19.487500000000001,14,21
2017-08-25,3,19.762499999999999,13,
2017-08-26,4,19.524999999999999,7,0
2017-08-27,4,19.662500000000001,13,21
2017-08-28,4,20.537500000000001,5,
2017-08-29,0,24.600000000000001,9,
2017-08-30,6,20,11,61
2017-08-31,7,14.887499999999999,11,61
2017-09-01,4,17.300000000000001,7,61
2017-09-02,4,16.524999999999999,8,21
2017-09-03,3,17.399999999999999,7,0
2017-09-04,0,18.287500000000001,10,0
2017-09-05,3,20.949999999999999,6,
2017-09-06,7,18.199999999999999,17,63
2017-09-07,5,17.287500000000001,16,21
2017-09-08,7,14.9375,10,61
2017-09-09,7,15.025,9,61
2017-09-10,2,17.649999999999999,11,0
2017-09-11,3,17.862500000000001,11,21
2017-09-12,5,16.100000000000001,12,21
2017-09-13,7,13.3375,20,63
2017-09-14,7,13.237500000000001,13,61
2017-09-15,6,14.425000000000001,11,21
2017-09-16,8,11.9125,6,61
2017-09-17,7,15.25,7,61
2017-09-18,2,15.074999999999999,4,0
2017-09-19,5,14.387499999999999,8,65
2017-09-20,7,14.225,10,61
2017-09-21,4,16.962499999999999,7,10
2017-09-22,1,15.5875,8,0
2017-09-23,0,15.85,9,0
2017-09-24,7,15.8125,9,53
2017-09-25,6,16.225000000000001,15,21
2017-09-26,7,15.725,12,10
2017-09-27,7,16.574999999999999,10,61
2017-09-28,7,15.112500000000001,7,21
2017-09-29,2,19.100000000000001,6,10
2017-09-30,7,15.112500000000001,6,61
2017-10-01,2,16.287500000000001,6,
2017-10-02,6,15.15,13,61
2017-10-03,5,14.262499999999999,14,61
2017-10-06,1,13.887499999999999,13,3
2017-10-07,7,10.65,10,61
2017-10-08,0,12.025,12,5
2017-10-09,5,12.475,8,20
2017-10-10,7,14.050000000000001,9,63
2017-10-11,7,14.637499999999999,12,63
2017-10-12,6,13.1875,24,21
2017-10-13,6,14.1625,8,10
2017-10-14,8,15.762499999999999,12,61
2017-10-15,2,17.8125,5,28
2017-10-16,5,17.9375,7,10
2017-10-17,7,14.725,13,
2017-10-18,4,14.8125,6,0
2017-10-19,6,14.85,9,10
2017-10-20,7,14.175000000000001,6,61
2017-10-21,7,13.0375,6,61
2017-10-22,7,11.025,7,61
2017-10-23,7,11.949999999999999,8,61
2017-10-24,7,11.925000000000001,8,61
2017-10-25,7,14.225,16,61
2017-10-26,5,13.475,12,
2017-10-27,4,11.949999999999999,13,
2017-10-28,7,11.2125,17,61
2017-10-29,2,9.9000000000000004,20,21
2017-10-30,,8.0999999999999996,11,
2017-10-31,,8.9250000000000007,7,
2017-11-01,,12.975,12,
2017-11-02,,11.6875,13,
2017-11-03,,9.4375,7,
2017-11-04,,10.262499999999999,5,
2017-11-05,,9.8000000000000007,8,
2017-11-06,,8.2125000000000004,7,
2017-11-07,,6.7874999999999996,5,
2017-11-08,,8.625,9,
2017-11-09,6,8.5500000000000007,9,10
2017-11-10,7,7.5374999999999996,16,61
2017-11-11,5,5.2374999999999998,8,63
2017-11-12,7,5.5750000000000002,7,61
2017-11-13,2,5.9000000000000004,9,10
2017-11-14,7,6.3875000000000002,11,61
2017-11-15,7,9.375,7,61
2017-11-16,8,8.8125,8,61
2017-11-17,3,7.7249999999999996,10,21
2017-11-18,5,5.3499999999999996,12,65
2017-11-19,3,6.25,15,21
2017-11-20,6,5.9625000000000004,6,
2017-11-21,7,4.9874999999999998,5,61
2017-11-22,7,10.612500000000001,10,61
2017-11-23,7,12.225,16,61
2017-11-24,7,6.9874999999999998,8,61
2017-11-25,7,2.7749999999999999,5,45
2017-11-26,7,4.6500000000000004,12,61
2017-11-27,7,4.5625,14,61
2017-11-28,7,5.4874999999999998,12,61
2017-11-29,7,4.2249999999999996,6,61
2017-11-30,7,2.8125,4,10
2017-12-01,6,4.3624999999999998,8,68
2017-12-02,7,0.375,8,61
2017-12-03,7,5.2249999999999996,7,61
2017-12-04,2,5.3375000000000004,12,
2017-12-05,7,8.6500000000000004,17,21
2017-12-06,7,8.9000000000000004,17,0
2017-12-07,8,5.7625000000000002,13,61
2017-12-08,6,1.675,10,73
2017-12-09,3,3.5125000000000002,10,61
2017-12-10,7,0.98750000000000004,9,22
2017-12-11,8,2.2374999999999998,14,61
2017-12-12,7,1.55,12,68
2017-12-13,7,1.9875,12,69
2017-12-14,7,3.0249999999999999,12,61
2017-12-15,7,3.0375000000000001,9,20
2017-12-16,1,3.2749999999999999,10,10
2017-12-17,3,1.1375,7,10
2017-12-18,5,2.4624999999999999,6,10
2017-12-19,7,5.9124999999999996,7,20
2017-12-20,7,6.6375000000000002,6,20
2017-12-21,7,6.2374999999999998,10,21
2017-12-22,7,5.7625000000000002,9,10
2017-12-23,7,7.7999999999999998,19,61
2017-12-24,7,8.1125000000000007,16,61
2017-12-25,7,8.6999999999999993,14,61
2017-12-26,7,6.25,14,61
2017-12-27,7,4.6124999999999998,7,21
2017-12-28,4,4.0875000000000004,11,61
2017-12-29,5,2.8125,11,61
2017-12-30,7,4.0499999999999998,10,61
2017-12-31,7,8.25,16,63
2018-01-01,6,6.6124999999999998,17,61
2018-01-02,6,5.7000000000000002,8,61
2018-01-03,7,6.4749999999999996,11,61
2018-01-04,6,5.5125000000000002,7,61
2018-01-05,8,4.3250000000000002,10,61
2018-01-06,7,3.1875,8,61
2018-01-07,0,0.65000000000000002,8,
2018-01-08,1,0.98750000000000004,7,5
2018-01-09,4,3.1625000000000001,11,0
2018-01-10,6,4.0125000000000002,6,21
2018-01-11,7,3.8374999999999999,10,61
2018-01-12,7,2.2749999999999999,10,10
2018-01-13,8,1.2749999999999999,8,10
2018-01-14,1,0.32500000000000001,8,5
2018-01-15,7,1.5625,12,61
2018-01-16,7,3.3624999999999998,9,61
2018-01-17,6,1.8125,10,61
2018-01-18,7,1.1625000000000001,17,73
2018-01-19,6,1.9750000000000001,10,73
2018-01-20,8,1.75,7,61
2018-01-21,6,-0.61250000000000004,3,49
2018-01-22,7,0.67500000000000004,7,77
2018-01-23,7,4.6624999999999996,7,61
2018-01-24,8,11.6,14,61
2018-01-25,7,7.9500000000000002,9,21
2018-01-26,6,5.9625000000000004,5,45
2018-01-27,8,5.6375000000000002,9,10
2018-01-28,6,7.6624999999999996,16,61
2018-01-29,7,7.5499999999999998,21,63
2018-01-30,4,5.7374999999999998,15,10
2018-01-31,7,6.2999999999999998,15,61
2018-02-01,7,3.5125000000000002,11,61
2018-02-02,7,3.4500000000000002,6,61
2018-02-03,7,-1.1625000000000001,8,71
2018-02-04,7,0.82499999999999996,18,73
2018-02-05,7,-0.23749999999999999,10,22
2018-02-06,1,-0.86250000000000004,5,10
2018-02-07,0,-1.285714,4,5
2018-02-08,0,-1.2500000000000001e-02,6,5
2018-02-09,1,-0.26250000000000001,7,10
2018-02-10,1,0.5625,4,10
2018-02-11,7,2.3374999999999999,11,75
2018-02-12,5,1.825,15,75
2018-02-13,0,2.6875,7,10
2018-02-14,0,2.9500000000000002,8,5
2018-02-15,7,0.67500000000000004,11,73
2018-02-16,5,4.8624999999999998,12,21
2018-02-17,8,4.125,5,10
2018-02-18,5,4.375,8,0
2018-02-19,5,4.9124999999999996,4,5
2018-02-20,1,3.375,11,10
2018-02-21,6,2.1749999999999998,7,22
2018-02-22,7,1.1125,7,20
2018-02-23,1,0.4375,12,5
2018-02-24,6,0.125,15,71
2018-02-25,7,-2.9624999999999999,14,71
2018-02-26,5,-1.5375000000000001,18,
2018-02-27,6,-3.4249999999999998,16,71
2018-02-28,5,-6.1375000000000002,16,5
2018-03-01,6,-3.9500000000000002,18,71
2018-03-02,6,-4.9625000000000004,15,71
2018-03-03,0,-3.4375,13,5
2018-03-04,5,-2.3125,10,77
2018-03-05,5,5.9874999999999998,7,10
2018-03-06,0,6.4000000000000004,9,5
2018-03-07,7,1.1875,6,71
2018-03-08,5,4.4625000000000004,8,61
2018-03-09,7,4.4500000000000002,13,61
2018-03-10,8,3.3999999999999999,10,63
2018-03-11,5,11.475,7,45
2018-03-12,7,6.5374999999999996,5,61
2018-03-13,7,4.2625000000000002,12,61
2018-03-14,8,3.2000000000000002,8,21
2018-03-15,8,2.4624999999999999,20,
2018-03-16,7,0.20000000000000001,28,22
2018-03-17,5,-2.2250000000000001,29,73
2018-03-18,1,-0.82499999999999996,23,5
2018-03-19,0,2.2999999999999998,8,5
2018-03-20,0,4.2125000000000004,17,5
2018-03-21,7,4.7000000000000002,13,22
2018-03-22,8,5.7625000000000002,11,61
2018-03-23,8,4.4249999999999998,5,22
2018-03-24,7,7.125,4,5
2018-03-25,7,7.625,6,0
2018-03-26,7,5.0374999999999996,8,61
2018-03-27,7,5.3250000000000002,9,10
2018-03-28,7,3.7250000000000001,14,61
2018-03-29,7,0.90000000000000002,8,71
2018-03-30,1,3.2250000000000001,13,5
2018-03-31,7,2.2250000000000001,17,
2018-04-01,6,2.5249999999999999,9,71
2018-04-02,5,6.0999999999999996,8,5
2018-04-03,7,11.775,9,61
2018-04-04,4,13.2125,9,61
2018-04-05,7,8.6624999999999996,19,61
2018-04-06,1,9.9875000000000007,10,5
2018-04-07,0,14.75,9,5
2018-04-08,0,20.5,5,5
2018-04-09,5,15.3125,9,5
2018-04-10,8,5.1624999999999996,21,10
2018-04-11,8,4.7125000000000004,22,
2018-04-12,5,7.9749999999999996,19,5
2018-04-13,6,8.7125000000000004,15,61
2018-04-14,8,7.6749999999999998,10,61
2018-04-15,8,9.5374999999999996,7,61
2018-04-16,2,13.875,8,63
2018-04-17,0,15.25,11,0
2018-04-18,1,20.350000000000001,11,0
2018-04-19,0,23.112500000000001,5,0
2018-04-20,0,24.375,13,0
2018-04-21,1,15.6625,10,5
2018-04-22,1,14.525,11,5
2018-04-23,4,14.4,18,5
2018-04-24,5,12.0875,21,61
2018-04-25,7,9.25,13,61
2018-04-26,6,11.0875,18,61
2018-04-27,5,13.0875,8,0
2018-04-28,7,14.65,8,61
2018-04-29,7,8.875,9,21
2018-04-30,7,11.550000000000001,10,95
2018-05-01,7,6.9874999999999998,13,63
2018-05-02,1,14.725,9,5
2018-05-03,1,12.5,14,0
2018-05-04,0,12.1875,10,5
2018-05-05,0,14.75,9,5
2018-05-06,0,18.912500000000001,10,
2018-05-07,0,20.824999999999999,11,0
2018-05-08,0,22.387499999999999,14,5
2018-05-09,0,23.300000000000001,12,
2018-05-10,5,20.524999999999999,9,95
2018-05-11,1,15.1,8,
2018-05-12,5,17.337499999999999,10,0
2018-05-13,2,17.25,12,10
2018-05-14,0,18.887499999999999,11,5
2018-05-15,0,18,9,0
2018-05-16,5,20.5625,13,21
2018-05-17,3,15.2875,10,5
2018-05-18,7,14.75,9,0
2018-05-19,6,14.9125,8,0
2018-05-20,0,18.899999999999999,13,5
2018-05-21,0,18.512499999999999,16,5
2018-05-22,0,20.324999999999999,13,5
2018-05-23,0,20.162500000000001,10,0
2018-05-24,0,20.350000000000001,15,5
2018-05-25,0,19.774999999999999,16,5
2018-05-26,0,19.875,11,5
2018-05-27,7,16.425000000000001,12,20
2018-05-28,2,20.212499999999999,10,5
2018-05-29,0,23.462499999999999,14,5
2018-05-30,1,23.1875,11,17
2018-05-31,0,21.887499999999999,14,5
2018-06-01,0,21.375,12,5
2018-06-02,1,22.887499999999999,10,5
2018-06-03,7,19.274999999999999,9,0
2018-06-04,5,19.25,14,20
2018-06-05,0,19.699999999999999,10,5
2018-06-06,0,22.149999999999999,14,5
2018-06-07,0,23.6875,10,
2018-06-08,0,22.737500000000001,9,0
2018-06-09,6,22.112500000000001,7,61
2018-06-10,7,19.100000000000001,8,61
2018-06-11,6,18.512499999999999,15,
2018-06-12,8,15.3125,12,20
2018-06-13,7,16.399999999999999,14,61
2018-06-14,5,20.899999999999999,10,
2018-06-15,4,19.199999999999999,7,0
2018-06-16,5,21.324999999999999,7,95
2018-06-17,5,18.274999999999999,12,61
2018-06-18,7,17.637499999999999,9,61
2018-06-19,3,19.237500000000001,16,21
2018-06-20,3,23.649999999999999,13,0
2018-06-21,7,11.5625,15,65
2018-06-22,5,15.574999999999999,20,61
2018-06-23,7,14.300000000000001,18,61
2018-06-24,6,16.237500000000001,10,21
2018-06-25,6,17.175000000000001,13,21
2018-06-26,3,20.074999999999999,6,21
2018-06-27,0,22.012499999999999,11,5
2018-06-28,0,22.125,9,0
2018-06-29,0,21.850000000000001,15,5
2018-06-30,0,21.237500000000001,10,5
2018-07-01,0,21.0625,12,5
2018-07-02,0,22.524999999999999,11,5
2018-07-03,0,22.487500000000001,9,5
2018-07-04,5,19.699999999999999,9,
2018-07-05,7,17.5,12,20
2018-07-06,0,20.512499999999999,18,5
2018-07-07,0,20.25,19,5
2018-07-08,0,23,10,5
2018-07-09,6,16.75,18,0
2018-07-10,2,18.675000000000001,15,5
2018-07-11,7,19.625,12,21
2018-07-12,1,26.074999999999999,14,
2018-07-13,0,23.975000000000001,13,5
2018-07-14,7,17.762499999999999,12,0
2018-07-15,2,23.199999999999999,9,5
2018-07-16,0,24.25,9,5
2018-07-17,0,26.774999999999999,10,
2018-07-18,3,23.866665999999999,13,0
2018-07-19,2,22.574999999999999,13,
2018-07-20,0,22.774999999999999,9,0
2018-07-21,0,25.0625,10,0
2018-07-22,1,25.037500000000001,13,5
2018-07-23,3,24.837499999999999,10,
2018-07-24,0,28.100000000000001,10,5
2018-07-25,1,28.425000000000001,11,61
2018-07-26,0,28.875,12,5
2018-07-27,0,27.587499999999999,16,5
2018-07-28,3,28.75,11,95
2018-07-29,0,24.550000000000001,6,
2018-07-30,6,27.787500000000001,10,21
2018-07-31,5,31.287500000000001,11,
2018-08-01,0,23.762499999999999,10,0
2018-08-02,0,26.1875,10,0
2018-08-03,1,27.662500000000001,10,0
2018-08-04,4,25.137499999999999,12,
2018-08-05,7,21.300000000000001,14,61
2018-08-06,0,23.100000000000001,5,0
2018-08-07,0,32.671427999999999,7,
2018-08-08,4,28.149999999999999,10,
2018-08-09,5,24.574999999999999,13,21
2018-08-10,5,17.324999999999999,16,61
2018-08-11,6,15.5,13,61
2018-08-12,7,18.375,9,61
2018-08-13,7,21.912500000000001,8,61
2018-08-14,5,21.800000000000001,16,61
2018-08-15,6,21.987500000000001,13,21
2018-08-16,3,25.074999999999999,9,0
2018-08-17,7,19.550000000000001,9,61
2018-08-18,4,21.75,10,
2018-08-19,7,21.387499999999999,10,
2018-08-20,6,19.600000000000001,13,21
2018-08-21,4,19.787500000000001,8,
2018-08-22,0,26.637499999999999,8,
2018-08-23,5,22.574999999999999,11,5
2018-08-24,5,17.100000000000001,15,61
2018-08-25,7,12.9,6,63
2018-08-26,3,16.987500000000001,12,21
2018-08-27,6,16.537500000000001,13,63
2018-08-28,6,18.612500000000001,9,61
2018-08-29,0,22.699999999999999,12,0
2018-08-30,7,15.4625,13,63
2018-08-31,4,18.725000000000001,11,0
2018-09-01,2,18.112500000000001,8,
2018-09-02,1,18.949999999999999,11,5
2018-09-03,2,21.012499999999999,13,21
2018-09-04,1,20.524999999999999,11,5
2018-09-05,2,20.287500000000001,11,0
2018-09-06,0,21.274999999999999,11,0
2018-09-07,7,17.475000000000001,12,61
2018-09-10,5,19.237500000000001,12,
2018-09-11,7,16.550000000000001,12,61
2018-09-12,7,14.300000000000001,11,61
2018-09-13,4,17.337499999999999,7,0
2018-09-14,3,17.112500000000001,9,
2018-09-21,6,14.957141999999999,16,61
2018-09-22,4,13.025,20,61
2018-09-23,6,11.65,6,61
2018-09-24,2,11.2875,17,21
2018-09-25,3,12.762499999999999,9,0
2018-09-26,7,14.237500000000001,16,61
2018-09-27,7,17.600000000000001,13,0
2018-09-28,1,12.862500000000001,15,21
2018-09-29,6,13.1,10,61
2018-09-30,5,13.9625,12,21
2018-10-01,5,11.1625,12,21
2018-10-02,6,10,18,61
2018-10-03,4,12.2875,18,21
2018-10-04,7,14.262499999999999,8,61
2018-10-05,0,18.112500000000001,8,5
2018-10-06,1,14.3375,6,10
2018-10-07,1,11.4,10,5
2018-10-08,5,13.0625,10,
2018-10-09,3,15.125,9,0
2018-10-10,0,17.100000000000001,6,10
2018-10-11,0,19.633333,7,0
2018-10-12,0,21.412500000000001,7,
2018-10-15,0,20.787500000000001,6,0
2018-10-16,7,19.0625,6,10
2018-10-17,2,20.837499999999999,5,5
2018-10-18,1,12.816666,12,5
2018-10-19,3,10.925000000000001,6,5
2018-10-22,2,11.1,14,0
2018-10-23,7,11.925000000000001,23,63
2018-10-24,4,10.357142,11,0
2018-10-25,6,11.125,19,21
2018-10-26,7,10.324999999999999,9,63
2018-10-27,7,5.8375000000000004,13,63
2018-10-28,2,5.5875000000000004,14,0
2018-10-29,7,7.3624999999999998,17,21
2018-10-30,7,10.637499999999999,11,20
2018-10-31,5,9.9000000000000004,10,0
2018-11-01,5,11.725,8,0
2018-11-02,6,10.675000000000001,12,61
2018-11-03,0,8.6999999999999993,5,10
2018-11-04,8,8.2249999999999996,5,10
2018-11-05,8,10.4125,6,10
2018-11-06,7,8.5374999999999996,5,45
2018-11-07,1,11.0875,4,28
2018-11-08,6,11.625,7,20
2018-11-09,7,9.3000000000000007,6,61
2018-11-10,7,11.425000000000001,8,61
2018-11-11,7,12.237500000000001,8,61
2018-11-12,7,10.5375,4,61
2018-11-13,7,10.324999999999999,9,61
2018-11-14,7,8.4375,7,10
2018-11-15,2,10.35,6,5
2018-11-16,0,8.2624999999999993,7,10
2018-11-17,0,5.375,10,10
2018-11-18,7,6.75,14,0
2018-11-19,6,5.7750000000000004,21,61
2018-11-20,7,4.7249999999999996,16,
2018-11-21,7,3.0499999999999998,12,0
2018-11-22,8,1.5125,9,21
2018-11-23,8,1.8875,6,10
2018-11-24,8,3.0249999999999999,4,10
2018-11-25,8,5.1624999999999996,12,53
2018-11-26,7,4.9500000000000002,12,61
2018-11-27,8,2.1625000000000001,3,
2018-11-28,3,1.5,10,5
2018-11-29,7,3.2999999999999998,10,61
2018-11-30,5,7.8375000000000004,8,
2018-12-01,7,7.1624999999999996,8,61
2018-12-02,7,8.1500000000000004,8,61
2018-12-03,7,10.824999999999999,12,61
2018-12-04,1,5.4428570000000001,14,21
2018-12-05,1,3.7374999999999998,6,0
2018-12-06,7,6.7249999999999996,7,61
2018-12-07,7,10.824999999999999,9,61
2018-12-08,8,7.4749999999999996,18,61
2018-12-09,7,6.9500000000000002,18,61
2018-12-10,5,4.9124999999999996,15,21
2018-12-11,6,4.6375000000000002,11,
2018-12-12,7,4.1749999999999998,12,21
2018-12-13,7,2.9249999999999998,10,61
2018-12-14,7,2.1749999999999998,12,22
2018-12-15,7,0.53749999999999998,7,
2018-12-16,7,0.20000000000000001,9,
2018-12-17,8,0.65000000000000002,6,20
2018-12-18,7,5.3125,6,21
2018-12-19,7,3.1749999999999998,9,61
2018-12-20,7,4.8875000000000002,4,53
2018-12-21,7,6.1124999999999998,9,61
2018-12-22,8,4.2999999999999998,4,
2018-12-23,7,6.4500000000000002,9,61
2018-12-24,7,2.5,10,22
2018-12-25,7,6.3624999999999998,16,
2018-12-26,7,7.9124999999999996,12,0
2018-12-27,7,7.125,12,20
2018-12-28,7,7.3125,11,61
2018-12-29,8,7.6749999999999998,10,61
2018-12-30,2,6.6749999999999998,16,
2018-12-31,7,7.3875000000000002,13,45
2019-01-01,6,6.2874999999999996,26,21
2019-01-02,0,3.9125000000000001,20,0
2019-01-03,2,0.72499999999999998,6,
2019-01-04,7,5.5499999999999998,15,61
2019-01-05,5,7.8499999999999996,8,21
2019-01-06,7,3.6499999999999999,7,61
2019-01-07,8,5.9375,8,55
2019-01-08,6,5.5,19,21
2019-01-09,7,3.1375000000000002,22,0
2019-01-10,7,1.3999999999999999,7,
2019-01-11,6,6.8624999999999998,15,61
2019-01-12,7,6.0875000000000004,13,61
2019-01-13,7,7.6875,20,61
2019-01-14,2,1.9375,18,5
2019-01-15,7,6.6624999999999996,18,61
2019-01-16,7,7.2125000000000004,14,61
2019-01-17,7,4.1875,15,61
2019-01-18,1,1.2625,7,0
2019-01-19,2,0.92500000000000004,4,49
2019-01-20,1,0.84999999999999998,4,10
2019-01-21,6,-0.42499999999999999,9,71
2019-01-22,5,0.13750000000000001,9,10
2019-01-23,4,-3.0750000000000002,7,10
2019-01-24,8,-4.8125,6,22
2019-01-25,8,-3.3875000000000002,6,71
2019-01-26,7,3.8374999999999999,7,61
2019-01-27,8,4.9375,7,61
2019-01-28,8,2.75,5,20
2019-01-29,6,1.575,7,68
2019-01-30,5,1.6000000000000001,10,
2019-01-31,7,1.3999999999999999,7,20
2019-02-01,7,-7.4999999999999997e-02,12,10
2019-02-02,8,1.7375,10,10
2019-02-03,1,2.5,9,0
2019-02-04,7,2.9500000000000002,12,
2019-02-05,7,4.6375000000000002,11,61
2019-02-06,7,3.6625000000000001,11,61
2019-02-07,7,6.0374999999999996,10,61
2019-02-08,7,6.5,11,61
2019-02-09,7,7.4000000000000004,18,61
2019-02-10,7,5.125,7,61
2019-02-11,2,5.9375,16,0
2019-02-12,4,5.2249999999999996,12,20
2019-02-13,8,7.5374999999999996,13,20
2019-02-14,3,7.4000000000000004,10,10
2019-02-15,0,11.3375,7,0
2019-02-16,0,10.425000000000001,12,5
2019-02-17,3,11.625,5,5
2019-02-18,0,11.725,7,0
2019-02-19,7,6.75,15,63
2019-02-20,7,7.3399999999999999,11,61
2019-02-21,8,7.6749999999999998,12,61
2019-02-22,4,4.125,11,0
2019-02-23,6,4.7750000000000004,6,
2019-02-24,0,9.6875,9,5
2019-02-25,0,9.8125,9,21
2019-02-26,0,10.85,7,5
2019-02-27,1,13.4125,10,5
2019-02-28,5,7.8875000000000002,11,21
2019-03-01,7,5.6375000000000002,8,
2019-03-02,7,5.4000000000000004,7,
2019-03-03,6,8.9749999999999996,13,61
2019-03-04,6,7.5374999999999996,20,61
2019-03-05,5,6.8875000000000002,17,61
2019-03-06,7,6.7625000000000002,9,61
2019-03-07,6,9.6500000000000004,19,61
2019-03-08,5,6.8875000000000002,26,61
2019-03-09,6,6.3499999999999996,22,63
2019-03-10,6,6.8875000000000002,10,21
2019-03-11,5,4.0750000000000002,6,61
2019-03-12,6,5.4249999999999998,13,61
2019-03-13,7,5.7999999999999998,15,63
2019-03-14,7,5.5625,12,61
2019-03-15,7,7.4874999999999998,25,61
2019-03-16,7,5.5875000000000004,11,61
2019-03-17,5,7.4000000000000004,20,21
2019-03-18,5,6.3250000000000002,21,61
2019-03-19,3,7.0125000000000002,11,5
2019-03-20,8,8.2874999999999996,12,53
2019-03-21,8,10.225,14,10
2019-03-22,7,9.6999999999999993,6,20
2019-03-23,6,10.262499999999999,15,10
2019-03-24,4,7.6624999999999996,12,0
2019-03-25,4,7.3375000000000004,17,21
2019-03-26,7,7.8375000000000004,16,21
2019-03-27,8,8.375,14,61
2019-03-28,8,10.699999999999999,9,
2019-03-29,5,12.112500000000001,11,21
2019-03-30,1,15.5,11,5
2019-03-31,0,7.6624999999999996,13,5
2019-04-01,0,8.0500000000000007,13,5
2019-04-02,0,11.685714000000001,10,5
2019-04-03,7,9.875,9,63
2019-04-05,2,12.0625,10,5
2019-04-06,0,12.762499999999999,10,10
2019-04-07,0,12.8375,8,5
2019-04-08,1,9.1125000000000007,16,5
2019-04-09,1,6.6624999999999996,15,5
2019-04-10,0,6.2750000000000004,14,5
2019-04-11,7,5.3375000000000004,12,22
2019-04-12,5,5.2125000000000004,11,22
2019-04-13,7,3.4750000000000001,16,68
2019-04-14,7,5.9375,16,61
2019-04-15,2,7.3499999999999996,14,5
2019-04-16,0,8.4375,15,5
2019-04-17,0,11.6625,14,5
2019-04-18,0,13.012499999999999,14,5
2019-04-19,0,14.1,12,5
2019-04-20,0,13.125,8,
2019-04-21,0,16.8125,10,
2019-04-22,0,15.775,16,5
2019-04-23,0,14.225,19,5
2019-04-24,2,17.649999999999999,10,21
2019-04-25,0,19.612500000000001,7,
2019-04-26,7,14.975,16,95
2019-04-27,5,16.212499999999999,13,0
2019-04-28,7,9.8499999999999996,10,61
2019-04-29,3,13.612500000000001,12,10
2019-04-30,6,17.649999999999999,11,0
2019-05-01,7,9.2624999999999993,15,20
2019-05-02,7,8.9499999999999993,16,61
2019-05-03,6,8.7624999999999993,18,21
2019-05-04,5,7.2999999999999998,15,61
2019-05-05,5,10.6875,15,
2019-05-06,3,9.1624999999999996,18,61
2019-05-07,3,9.6624999999999996,14,21
2019-05-08,6,12.8125,8,61
2019-05-09,6,15,7,61
2019-05-10,7,10.4625,11,61
2019-05-11,1,11.525,9,
2019-05-12,1,13.012499999999999,16,5
2019-05-13,1,12.7125,11,5
2019-05-14,7,12.3375,9,
2019-05-15,2,13.9,11,
2019-05-16,7,12.475,15,61
2019-05-17,7,11.949999999999999,11,10
2019-05-18,3,16.487500000000001,13,5
2019-05-19,4,14.237500000000001,12,10
2019-05-20,3,16.8125,9,28
2019-05-21,7,16.425000000000001,10,61
2019-05-22,6,12.1,15,61
2019-05-23,5,18.237500000000001,10,0
2019-05-24,2,18.412500000000001,17,0
2019-05-25,7,13.5375,14,
2019-05-26,7,13.625,10,61
2019-05-27,6,15.262499999999999,13,
2019-05-28,6,13.1625,12,
2019-05-29,3,13.362500000000001,8,0
2019-05-30,7,14.012499999999999,9,61
2019-05-31,7,18.850000000000001,14,
2019-06-01,6,19.5625,15,0
2019-06-02,2,24.350000000000001,8,
2019-06-03,6,22.225000000000001,12,21
2019-06-04,7,16.0625,10,61
2019-06-05,5,22.912500000000001,11,
2019-06-06,6,19.5,13,61
2019-06-07,1,17.449999999999999,10,
2019-06-08,7,16.237500000000001,13,61
2019-06-09,5,18.649999999999999,10,
2019-06-10,7,16.125,14,61
2019-06-11,6,18.137499999999999,6,95
2019-06-12,7,16.662500000000001,10,95
2019-06-13,0,22.175000000000001,11,
2019-06-14,5,22.899999999999999,9,95
2019-06-15,7,18.212499999999999,12,95
2019-06-16,6,20.387499999999999,8,0
2019-06-17,3,21.875,9,
2019-06-18,5,25.112500000000001,6,95
2019-06-19,3,25.949999999999999,8,17
2019-06-20,6,19.274999999999999,8,21
2019-06-21,6,18.162500000000001,11,
2019-06-22,6,17.024999999999999,9,5
2019-06-23,1,20.375,12,5
2019-06-24,6,21.875,13,
2019-06-25,3,28.774999999999999,7,
2019-06-26,0,26.037500000000001,16,5
2019-06-27,6,17.175000000000001,14,
2019-06-28,1,20.225000000000001,7,
2019-06-29,0,24.037500000000001,8,0
2019-06-30,0,27.337499999999999,19,5
2019-07-01,5,20.25,20,0
2019-07-02,6,15.1875,18,21
2019-07-03,5,16.5,13,21
2019-07-04,7,15.9625,15,61
2019-07-05,7,15.737500000000001,13,61
2019-07-06,7,15.9125,17,61
2019-07-07,7,14.4625,16,
2019-07-08,7,16.012499999999999,15,61
2019-07-09,7,16.625,13,20
2019-07-10,1,19.212499999999999,11,
2019-07-11,7,17.612500000000001,6,53
2019-07-12,7,18.475000000000001,7,61
2019-07-13,7,19.899999999999999,12,20
2019-07-14,8,15.362500000000001,9,20
2019-07-15,7,15.5875,16,
2019-07-16,5,19.112500000000001,14,0
2019-07-17,4,17.537500000000001,6,0
2019-07-18,6,21.25,8,0
2019-07-19,6,21.087499999999999,11,21
2019-07-20,7,24.350000000000001,14,95
2019-07-21,8,18.899999999999999,16,21
2019-07-22,7,16.637499999999999,5,61
2019-07-23,0,26.100000000000001,9,0
2019-07-24,0,27.6875,10,0
2019-07-25,6,29.725000000000001,11,
2019-07-26,0,26.925000000000001,14,5
2019-07-27,4,23.537500000000001,21,5
2019-07-28,3,23.350000000000001,14,5
2019-07-29,6,25.25,7,61
2019-07-30,7,20.737500000000001,8,61
2019-07-31,6,20.449999999999999,7,61
2019-08-01,5,21.0625,9,61
