"Years","CO2EQ","CO2","CH4","N2O","RF"
1765,277.01467,278.05158,721.89411,272.95961,0
1766,277.8388,278.10615,722.2557,272.97121,0.12602655
1767,278.69351,278.22039,722.97082,272.99419,0.27303147
1768,278.74752,278.34305,723.66792,273.01678,0.27887064
1769,278.79644,278.47058,724.34313,273.03903,0.24204524
1770,278.84896,278.60047,724.99526,273.06096,0.24282439
1771,278.88421,278.73275,725.62885,273.08257,0.28414227
1772,278.92512,278.86881,726.24956,273.10386,0.29985709
1773,278.99387,279.00907,726.85863,273.12486,0.29075585
1774,279.06906,279.15318,727.45484,273.14563,0.27809954
1775,279.1513,279.3018,728.03699,273.16621,0.26883905
1776,279.2424,279.4568,728.60387,273.1866,0.27685606
1777,279.34214,279.61808,729.15429,273.20677,0.30576066
1778,279.44672,279.78192,729.68703,273.22676,0.33787519
1779,279.55094,279.9432,730.2009,273.24665,0.34758091
1780,279.65007,280.0974,730.6922,273.26646,0.34167396
1781,279.71846,280.2428,731.1541,273.2862,0.33372182
1782,279.78173,280.38168,731.58425,273.30585,0.29101994
1783,279.86798,280.51832,731.98888,273.32543,0.17560532
1784,279.95858,280.6572,732.37758,273.345,0.090269194
1785,280.05821,280.8026,732.75995,273.36463,0.16245306
1786,280.16952,280.9568,733.14559,273.38432,0.28956182
1787,280.29117,281.11808,733.5441,273.40402,0.35299901
1788,280.41905,281.28192,733.96508,273.42378,0.36176885
1789,280.54845,281.4432,734.41811,273.44363,0.25105384
1790,280.67599,281.5982,734.91094,273.46365,0.088882243
1791,280.77766,281.74682,735.44542,273.48382,0.10802003
1792,280.87905,281.89093,736.01824,273.50412,0.23279865
1793,281.00453,282.03119,736.62566,273.52457,0.29457518
1794,281.12966,282.16725,737.26478,273.54523,0.29173845
1795,281.25415,282.29901,737.93271,273.56615,0.25684617
1796,281.37816,282.4268,738.62653,273.58733,0.24505257
1797,281.47794,282.55093,739.34336,273.60876,0.26205657
1798,281.57703,282.67123,740.08028,273.63046,0.27746741
1799,281.69873,282.7873,740.83442,273.65247,0.2856347
1800,281.7953,282.89901,741.60809,273.67485,0.30345983
1801,281.89146,283.00677,742.41328,273.69762,0.3258144
1802,281.96434,283.11093,743.25995,273.72076,0.32293762
1803,282.06097,283.21129,744.14594,273.74429,0.3082946
1804,282.20419,283.30737,745.06346,273.76825,0.30625174
1805,282.32288,283.39963,746.00472,273.79267,0.30554894
1806,282.41845,283.48978,746.96192,273.81758,0.29656247
1807,282.51428,283.57796,747.92726,273.84297,0.28733627
1808,282.63057,283.66116,748.89296,273.86887,-0.20660893
1809,282.73903,283.73511,749.85122,273.89529,-1.3501184
1810,282.8364,283.79676,750.79817,273.92226,-1.7519646
1811,282.90004,283.84667,751.73895,273.94981,-0.95612856
1812,282.9574,283.88853,752.68156,273.97794,-0.27918259
1813,283.03571,283.92613,753.62843,274.00668,-0.077907142
1814,283.11463,283.96267,754.57866,274.03605,-0.59896164
1815,283.17382,284.00107,755.53133,274.06606,-2.0619414
1816,283.21462,284.04267,756.48552,274.09675,-2.5631788
1817,283.25897,284.08613,757.44032,274.12813,-1.3942302
1818,283.32685,284.12853,758.39482,274.16024,-0.26564772
1819,283.4149,284.16667,759.34809,274.19306,0.18534697
1820,283.49758,284.1982,760.29954,274.22661,0.31186677
1821,283.57508,284.22333,761.24938,274.2609,0.31898449
1822,283.62677,284.24427,762.19831,274.29596,0.32152238
1823,283.65484,284.26307,763.14684,274.33183,0.32554213
1824,283.70645,284.28133,764.09528,274.3685,0.33373696
1825,283.76004,284.30027,765.04391,274.40598,0.34767769
1826,283.8156,284.32,765.99304,274.4443,0.36602933
1827,283.87272,284.34,766.94296,274.48351,0.38537657
1828,283.93097,284.36,767.89398,274.52361,0.39560049
1829,284.0128,284.38,768.84639,274.56461,0.36951757
1830,283.96219,284.4,769.79844,274.6065,0.15158463
1831,283.89979,284.385,770.74504,274.64929,-0.24271242
1832,283.8817,284.28,771.68313,274.69305,-0.35068953
1833,283.77007,284.125,772.61538,274.73779,-0.061975791
1834,283.66423,283.975,773.54693,274.78351,-0.21529972
1835,283.55955,283.825,774.4829,274.83022,-0.81911312
1836,283.36933,283.675,775.42843,274.87793,-0.73506426
1837,283.20262,283.525,776.38866,274.92669,-0.12480708
1838,283.15294,283.425,777.36871,274.97655,0.24917938
1839,283.15861,283.4,778.37371,275.02748,0.36350119
1840,283.1704,283.4,779.4118,275.07966,0.3435049
1841,283.21078,283.425,780.49406,275.13642,0.31934023
1842,283.30585,283.5,781.62403,275.2022,0.31997325
1843,283.42935,283.6,782.79322,275.27313,0.29345202
1844,283.57864,283.725,783.98863,275.3371,0.28857789
1845,283.71288,283.9,785.19726,275.38045,0.33883415
1846,283.88515,284.075,786.40611,275.3984,0.39159098
1847,284.05105,284.225,787.60219,275.4013,0.42985878
1848,284.22002,284.4,788.7725,275.40079,0.45891745
1849,284.38831,284.575,789.90404,275.40032,0.44499804
1850,284.47783,284.725,790.97924,275.42506,0.40539615
1851,284.6785,284.875,792.25,275.5,0.39862512
1852,284.4941,285,793.75,275.6,0.40052091
1853,284.2542,285.125,795.25,275.7,0.3934753
1854,284.31698,285.275,796.75,275.8,0.38414144
1855,284.37752,285.425,798,275.9,0.24282623
1856,284.48655,285.575,799.25,276,-0.21107251
1857,284.57144,285.725,800.75,276.1,-0.44449029
1858,284.75751,285.9,802.25,276.2,-0.096836341
1859,284.87162,286.075,803.75,276.3,0.26210904
1860,284.54001,286.225,805.25,276.4,0.39070948
1861,283.90984,286.375,806.75,276.5,0.35779049
1862,284.24023,286.5,808.25,276.6,0.2581144
1863,284.82703,286.625,809.75,276.7,0.26390439
1864,284.92869,286.775,811.25,276.8,0.33623394
1865,284.90678,286.9,813,276.9,0.37076405
1866,284.53849,287,814.75,277,0.3750448
1867,284.13273,287.1,816.25,277.1,0.37953974
1868,284.15643,287.225,817.75,277.2,0.40476502
1869,284.50991,287.375,819.25,277.3,0.44070511
1870,284.76049,287.525,821,277.375,0.4698686
1871,284.4221,287.7,822.75,277.425,0.46881912
1872,283.27687,287.9,824.25,277.5,0.42277264
1873,282.35666,288.125,825.75,277.6,0.36978899
1874,282.41152,288.4,827.25,277.7,0.35373474
1875,282.73787,288.7,829,277.775,0.332461
1876,283.19648,289.025,830.75,277.825,0.28830947
1877,283.93288,289.4,832.25,277.9,0.29298153
1878,284.51148,289.8,833.75,278,0.33420941
1879,284.74683,290.225,835.25,278.1,0.368246
1880,284.54128,290.7,837,278.2,0.39995496
1881,284.58021,291.2,839,278.3,0.42920523
1882,285.21573,291.675,841,278.4,0.33982025
1883,285.70213,292.125,843,278.5,-0.56353326
1884,286.0759,292.575,844.75,278.6,-1.3017754
1885,286.62046,292.975,846.25,278.7,-0.71893884
1886,287.06145,293.3,848,278.8,-0.23580858
1887,287.22534,293.575,850,278.875,-0.11721518
1888,286.96157,293.8,852,278.925,-0.016598936
1889,286.96533,294,854,279,-0.08450957
1890,287.04595,294.175,856,279.1,-0.12348587
1891,286.86678,294.325,858.25,279.2,-0.02816829
1892,286.80077,294.475,860.75,279.3,0.17145477
1893,286.76394,294.6,863,279.375,0.34036723
1894,286.66071,294.7,865,279.425,0.45854671
1895,286.45183,294.8,867.25,279.475,0.43496617
1896,286.39693,294.9,869.75,279.525,0.26290903
1897,286.48722,295.025,872,279.6,0.16316606
1898,286.5877,295.225,874.25,279.675,0.25869933
1899,286.67626,295.5,876.75,279.725,0.36799034
1900,286.79938,295.8,879.5,279.8,0.41475781
1901,286.77043,296.125,883,279.9,0.39849017
1902,286.76808,296.475,887,280,-0.041670226
1903,286.79694,296.825,891.25,280.1,-0.40336913
1904,286.84493,297.2,895.75,280.2,-0.081701345
1905,287.01406,297.625,900.25,280.3,0.28507922
1906,287.05312,298.075,904.75,280.4,0.389716
1907,287.07137,298.5,909.25,280.525,0.36949981
1908,287.53578,298.9,914,280.675,0.38664275
1909,288.17921,299.3,919,280.825,0.45257997
1910,288.48048,299.7,923.75,280.975,0.47406745
1911,288.96295,300.075,928.25,281.125,0.47502449
1912,289.66408,300.425,933,281.3,0.23787245
1913,290.20208,300.775,938.25,281.475,0.1428922
1914,290.93296,301.1,943.75,281.625,0.38792615
1915,291.78371,301.4,949.25,281.8,0.54484665
1916,292.2385,301.725,954.75,282,0.61946613
1917,292.54437,302.075,960.25,282.225,0.65507998
1918,292.99248,302.4,966,282.475,0.66254981
1919,293.81347,302.7,972,282.7,0.64062566
1920,294.37098,303.025,977.75,282.925,0.53860773
1921,294.95151,303.4,983.25,283.175,0.51390834
1922,295.68377,303.775,989,283.4,0.59917404
1923,295.58615,304.125,995,283.6,0.6188415
1924,295.65484,304.525,1001,283.8,0.62160553
1925,296.25067,304.975,1007,284,0.65690052
1926,296.81103,305.4,1013,284.225,0.70124531
1927,297.14059,305.825,1019,284.45,0.72125112
1928,297.49651,306.3,1025,284.625,0.67462867
1929,297.96527,306.775,1030.75,284.8,0.62401289
1930,298.61802,307.225,1036.25,284.975,0.65251894
1931,299.6497,307.7,1041.75,285.125,0.6785285
1932,300.71564,308.175,1047.25,285.3,0.64515032
1933,301.45026,308.6,1052.75,285.5,0.65684612
1934,301.83497,309,1058,285.7,0.71706368
1935,302.24383,309.4,1063,285.9,0.77329698
1936,302.53336,309.75,1068,286.1,0.83155121
1937,302.82266,310,1073,286.275,0.84505011
1938,303.56161,310.175,1078,286.425,0.833606
1939,304.10605,310.3,1083,286.575,0.83751216
1940,304.10083,310.375,1088.25,286.725,0.84838382
1941,303.847,310.375,1093.75,286.9,0.84065291
1942,303.56374,310.3,1099,287.1,0.79637885
1943,303.42564,310.2,1104,287.3,0.77291049
1944,303.26736,310.125,1109.25,287.525,0.8014979
1945,303.23386,310.1,1114.75,287.775,0.84012487
1946,303.00439,310.125,1120.5,288.025,0.87434778
1947,302.45801,310.2,1126.75,288.275,0.88946972
1948,302.01134,310.325,1133.25,288.525,0.89886532
1949,301.9696,310.5,1140,288.775,0.87852081
1950,301.92017,310.75,1147.25,289,0.84163896
1951,300.87693,311.1,1155,289.2,0.80135099
1952,299.88451,311.5,1163.5,289.425,0.76630996
1953,299.76378,311.925,1172.75,289.675,0.74610376
1954,299.76984,312.425,1182.25,289.9,0.75480507
1955,299.80994,313,1192,290.125,0.81537626
1956,299.87995,313.6,1202.25,290.375,0.89909856
1957,300.01814,314.225,1213,290.6,0.96679968
1958,300.42588,314.8475,1224,290.825,0.98244834
1959,301.36642,315.5,1235.25,291.1,0.96883259
1960,302.54075,316.2725,1247,291.4,0.88020351
1961,302.71708,317.075,1259.25,291.675,0.75156663
1962,302.62276,317.795,1272,291.925,0.64515114
1963,303.11374,318.3975,1285,292.225,0.1620533
1964,303.60921,318.925,1298.25,292.6,-0.18567194
1965,304.41983,319.6475,1312,293,0.16267508
1966,305.56389,320.6475,1326,293.4,0.59334428
1967,306.5942,321.605,1340.25,293.8,0.76875547
1968,307.80774,322.635,1355,294.225,0.60919867
1969,309.59802,323.9025,1370.25,294.7,0.57531732
1970,311.80753,324.985,1385.75,295.2,0.84740204
1971,314.08678,325.855,1401.25,295.7,1.0370201
1972,316.19275,327.14,1417,296.225,1.0974394
1973,318.11545,328.6775,1433,296.8,1.0624488
1974,319.5999,329.7425,1449,297.4,0.91537051
1975,320.88163,330.585,1465,298,0.82176973
1976,322.19127,331.7475,1481,298.65,0.97769425
1977,323.87398,333.2725,1497.25,299.36,1.1988289
1978,326.20992,334.8475,1513.75,300.0825,1.2758337
1979,328.74045,336.525,1530.25,300.74,1.3561905
1980,330.86448,338.36,1547.75,301.3825,1.466064
1981,332.22762,339.7275,1566.75,302.22,1.4077614
1982,333.03368,340.7925,1586.25,303.0975,0.71477621
1983,334.24432,342.1975,1605.845,303.805,0.40876639
1984,336.14519,343.7825,1623.705,304.3975,0.95187721
1985,338.19811,345.2825,1637.9925,305.0875,1.2513234
1986,340.22271,346.7975,1650.435,305.7725,1.3423653
1987,342.40873,348.645,1662.2,306.2625,1.4352832
1988,345.08452,350.7375,1673.07,307.195,1.5760874
1989,347.72931,352.4875,1683.47,308.5075,1.7006148
1990,349.91054,353.855,1693.63,309.485,1.7456356
1991,351.18907,355.0175,1703.8175,310.1125,0.80674072
1992,351.54763,355.885,1711.8,310.6025,0.18316716
1993,352.27475,356.7775,1716.29,311.0775,0.8971375
1994,353.73698,358.1275,1721.0125,311.6025,1.436801
1995,355.93868,359.8375,1726.35,312.295,1.6412118
1996,358.2628,361.4625,1730.01,313.0475,1.7378777
1997,359.83008,363.155,1734.8175,313.76,1.8156668
1998,361.47123,365.3225,1742.71,314.5325,1.9242133
1999,363.28251,367.3475,1749.2425,315.2575,2.0332219
2000,364.36712,368.865,1751.0225,315.85,2.0961904
2001,365.65347,370.4675,1750.7075,316.4875,2.1279809
2002,367.97846,372.5225,1752.1875,317.245,2.1453595
2003,370.51984,374.76,1754.76,318.0175,2.1378986
2004,372.78524,376.8125,1755.065,318.71,2.1258179
2005,375.10733,378.8125,1753.735,319.44,2.0834511
2006,377.78302,380.8275,1754.5145,320.19967,1.989313
2007,380.58411,382.7775,1757.684,320.88885,1.9504606
2008,383.52121,384.8,1761.9801,321.57802,1.9852634
2009,386.70186,387.00054,1767.259,322.26735,2.0765681
2010,390.12466,389.28521,1773.1278,322.95654,2.1976523
2011,393.80038,391.56252,1779.5403,323.64575,2.2829824
2012,397.55122,393.84273,1784.5519,324.32716,2.3429852
2013,401.14961,396.11734,1786.3689,324.99264,2.374454
2014,404.6121,398.39568,1785.2863,325.6422,2.376194
2015,407.97407,400.68068,1781.5822,326.27584,2.3760599
2016,411.24161,402.9683,1775.478,326.8936,2.3916013
2017,414.41543,405.25182,1767.1513,327.49559,2.4162799
2018,417.49975,407.52882,1756.7736,328.08194,2.4446469
2019,420.54587,409.80029,1744.5114,328.6528,2.476365
2020,423.46397,412.06783,1730.518,329.2083,2.5593879
2021,426.13517,414.32565,1714.8713,329.74858,2.6655484
2022,428.59283,416.51662,1698.7239,330.27812,2.7297169
2023,430.90787,418.60322,1683.3058,330.80136,2.7662623
2024,433.14977,420.60132,1668.8253,331.31844,2.775967
2025,435.33254,422.51575,1655.3673,331.8295,2.7572447
2026,437.45807,424.34901,1642.8547,332.33463,2.737542
2027,439.51961,426.09675,1631.1869,332.83393,2.7342319
2028,441.50756,427.75232,1620.2505,333.32743,2.740628
2029,443.41805,429.31381,1609.952,333.81519,2.7511555
2030,445.15424,430.78315,1600.2154,334.29728,2.7637186
2031,446.61843,432.16344,1590.9764,334.77372,2.8262922
2032,447.94001,433.43618,1582.2005,335.24387,2.9140401
2033,449.21029,434.59273,1573.8792,335.70704,2.9625023
2034,450.3993,435.65302,1566.0052,336.16328,2.9843937
2035,451.51977,436.62804,1558.5643,336.61265,2.979656
2036,452.57601,437.52158,1551.5411,337.05519,2.9465741
2037,453.56851,438.33433,1544.9268,337.49097,2.9125709
2038,454.48974,439.06015,1538.6838,337.92005,2.8950053
2039,455.32873,439.69061,1532.7554,338.34248,2.887172
2040,455.97977,440.2224,1527.0976,338.75834,2.8823814
2041,456.34012,440.65666,1521.6802,339.16766,2.878648
2042,456.51933,441.02476,1516.0256,339.56219,2.9263755
2043,456.61284,441.34651,1509.6501,339.93362,2.9999617
2044,456.61779,441.621,1502.5989,340.28204,3.0337318
2045,456.55646,441.8644,1494.9915,340.60749,3.0411667
2046,456.44117,442.08482,1486.9261,340.91009,3.0222
2047,456.27749,442.2834,1478.4866,341.19,2.9751252
2048,456.07196,442.4583,1469.7525,341.44743,2.9274165
2049,455.82122,442.60091,1460.7653,341.68257,2.896467
2050,455.44144,442.70046,1451.5398,341.89562,2.8747918
2051,454.85279,442.75184,1442.0963,342.0868,2.85599
2052,454.14536,442.761,1432.7096,342.26047,2.8401387
2053,453.41568,442.73417,1423.6218,342.42102,2.8774749
2054,452.65504,442.66263,1414.7425,342.56863,2.9412745
2055,451.86092,442.54767,1406.0124,342.7035,2.9658714
2056,451.05176,442.40642,1397.4536,342.8258,2.9646993
2057,450.2375,442.24833,1389.0775,342.93565,2.9376612
2058,449.42024,442.07535,1380.8916,343.03318,2.8830098
2059,448.59908,441.88625,1372.9066,343.1185,2.8281438
2060,447.8341,441.67274,1365.1056,343.19171,2.791148
2061,447.18314,441.42415,1357.4515,343.25294,2.7660606
2062,446.5635,441.1345,1350.226,343.30802,2.7463659
2063,445.9207,440.80284,1343.686,343.36278,2.7306153
2064,445.27723,440.43041,1337.7504,343.41733,2.7683342
2065,444.61902,440.01021,1332.2959,343.47178,2.8327162
2066,443.94355,439.54473,1327.2328,343.52618,2.8580947
2067,443.26882,439.05222,1322.552,343.58058,2.857903
2068,442.60433,438.54291,1318.2378,343.63498,2.8320412
2069,441.9517,438.01932,1314.2739,343.68937,2.7787573
2070,441.34334,437.48062,1310.6506,343.74376,2.7259277
2071,440.80241,436.91878,1307.3332,343.79815,2.6913514
2072,440.29959,436.34251,1304.2787,343.85097,2.6680246
2073,439.80947,435.76436,1301.4547,343.90066,2.6500265
2074,439.32684,435.18189,1298.8309,343.94721,2.6364107
2075,438.85022,434.595,1296.3806,343.99063,2.6763428
2076,438.36713,433.99542,1294.0307,344.03093,2.743034
2077,437.87643,433.38456,1291.7352,344.06813,2.770836
2078,437.39719,432.77961,1289.5217,344.10225,2.7731986
2079,436.9398,432.18978,1287.4071,344.13333,2.7500358
2080,436.47529,431.61659,1285.4046,344.16138,2.6993194
2081,435.97125,431.05847,1283.5306,344.18644,2.6481605
2082,435.47216,430.51026,1281.7574,344.20828,2.6145165
2083,434.99707,429.96413,1280.0405,344.22666,2.5919424
2084,434.51701,429.41411,1278.3635,344.24161,2.5744774
2085,434.03063,428.85906,1276.7183,344.25316,2.5612248
2086,433.53784,428.2991,1275.0979,344.26133,2.6013673
2087,433.02784,427.72652,1273.4472,344.26616,2.6681347
2088,432.50084,427.14308,1271.7361,344.26767,2.6958948
2089,431.97678,426.56607,1270.0047,344.26589,2.6981114
2090,431.47294,426.00472,1268.2816,344.26085,2.6747318
2091,430.99896,425.46065,1266.59,344.25259,2.6240521
2092,430.54808,424.93745,1264.9737,344.24087,2.5734336
2093,430.11047,424.43129,1263.4475,344.22544,2.5402522
2094,429.68013,423.93083,1261.9864,344.20634,2.5178727
2095,429.25077,423.43058,1260.5735,344.1836,2.500678
2096,428.82102,422.92945,1259.1995,344.15724,2.4877713
2097,428.39079,422.42761,1257.8565,344.1273,2.5283353
2098,427.94949,421.91753,1256.489,344.09381,2.5956011
2099,427.49743,421.40111,1255.0667,344.0568,2.6239382
2100,426.9627,420.89546,1253.6284,344.0163,2.6258126
2101,426.26508,420.40998,1252.2028,343.97235,2.6001535
2102,425.54487,419.94532,1250.8862,343.92683,2.5469205
2103,424.89771,419.49831,1249.7665,343.88163,2.4945757
2104,424.27311,419.05981,1248.825,343.83677,2.4598082
2105,423.65808,418.61902,1248.0275,343.79229,2.4358744
2106,423.04592,418.17082,1247.3487,343.7482,2.4171508
2107,422.43493,417.71454,1246.7719,343.70451,2.4027364
2108,421.82474,417.2507,1246.2824,343.66122,2.4418099
2109,421.20468,416.77219,1245.8193,343.61832,2.5075997
2110,420.57496,416.28127,1245.3472,343.57581,2.5344734
2111,419.95484,415.79518,1244.8996,343.53369,2.5358936
2112,419.35489,415.32319,1244.4992,343.49195,2.5117817
2113,418.77775,414.86696,1244.1645,343.45059,2.4604007
2114,418.22299,414.42496,1243.916,343.40961,2.4091562
2115,417.6819,413.98893,1243.7483,343.369,2.3753808
2116,417.14286,413.54867,1243.638,343.32877,2.3523454
2117,416.60018,413.09942,1243.5696,343.28889,2.3344381
2118,416.05294,412.64076,1243.5349,343.24938,2.3207673
2119,415.50145,412.17338,1243.5271,343.21024,2.3605204
2120,414.9358,411.69045,1243.492,343.17144,2.4269332
2121,414.35674,411.19435,1243.4003,343.133,2.4543806
2122,413.7837,410.70228,1243.2907,343.09491,2.4563306
2123,413.22739,410.22339,1243.1908,343.05717,2.4327084
2124,412.69062,409.7593,1243.123,343.01977,2.3817797
2125,412.17267,409.30847,1243.1116,342.98271,2.3309453
2126,411.66423,408.8627,1243.1545,342.94599,2.2975266
2127,411.15823,408.41656,1243.2313,342.9096,2.2748509
2128,410.65346,407.96956,1243.3293,342.87355,2.2573635
2129,410.14861,407.52073,1243.4426,342.83782,2.2441681
2130,409.64385,407.07051,1243.5661,342.80242,2.2844502
2131,409.12927,406.61189,1243.6476,342.76734,2.3514443
2132,408.60556,406.14707,1243.6595,342.73258,2.3795249
2133,408.09179,405.69286,1243.6418,342.69813,2.3821591
2134,407.59837,405.25809,1243.6232,342.664,2.3592701
2135,407.12789,404.84413,1243.6271,342.63018,2.3091216
2136,406.67994,404.44922,1243.6789,342.59667,2.259119
2137,406.24609,404.06507,1243.7773,342.56346,2.2265954
2138,405.81515,403.68161,1243.9027,342.53056,2.2048232
2139,405.38175,403.29415,1244.043,342.49795,2.1881929
2140,404.94518,402.90226,1244.1931,342.46564,2.1758154
2141,404.50587,402.50662,1244.3485,342.43363,2.2168798
2142,404.05437,402.10056,1244.4576,342.4019,2.284625
2143,403.59166,401.68653,1244.4933,342.37047,2.3134293
2144,403.13677,401.28131,1244.4961,342.33932,2.3167623
2145,402.70009,400.89375,1244.4949,342.30846,2.2945486
2146,402.28424,400.52523,1244.5137,342.27787,2.2450524
2147,401.88886,400.17404,1244.5779,342.24757,2.1956797
2148,401.50569,399.83204,1244.6866,342.21754,2.163764
2149,401.12375,399.4893,1244.8204,342.18778,2.1425791
2150,400.73785,399.14131,1244.9675,342.1583,2.1265168
2151,400.3474,398.78772,1245.123,342.12908,2.1146895
2152,399.95292,398.42927,1245.2826,342.10013,2.1562875
2153,399.54519,398.0595,1245.3949,342.07144,2.2245514
2154,399.12532,397.68091,1245.4328,342.04301,2.2538613
2155,398.71219,397.31021,1245.4369,342.01485,2.2576876
2156,398.31607,396.95616,1245.4364,341.98693,2.235955
2157,397.93956,396.62009,1245.4552,341.95928,2.1869274
2158,397.58227,396.3003,1245.5189,341.93187,2.1380101
2159,397.23602,395.98871,1245.6266,341.90472,2.1065369
2160,396.88999,395.67554,1245.7589,341.87781,2.0857818
2161,396.53912,395.35634,1245.9042,341.85114,2.0701377
2162,396.18289,395.03085,1246.0576,341.82472,2.0587175
2163,395.82185,394.69985,1246.2148,341.79854,2.1007126
2164,395.44698,394.357,1246.3245,341.7726,2.1693645
2165,395.05948,394.00489,1246.3596,341.74689,2.1990548
2166,394.67807,393.6601,1246.3609,341.72142,2.2032545
2167,394.3129,393.33128,1246.3575,341.69618,2.1818877
2168,393.96649,393.01974,1246.3732,341.67117,2.1332178
2169,393.63842,392.72374,1246.4337,341.64638,2.0846496
2170,393.32058,392.43525,1246.5381,341.62183,2.0535165
2171,393.00229,392.1446,1246.6671,341.59749,2.0330929
2172,392.67858,391.84744,1246.8091,341.57338,2.0177722
2173,392.34897,391.54354,1246.9591,341.54949,2.0066682
2174,392.01405,391.2337,1247.1129,341.52581,2.0489725
2175,391.66498,390.91172,1247.2192,341.50235,2.1179278
2176,391.30302,390.58024,1247.251,341.4791,2.1479169
2177,390.94672,390.25571,1247.249,341.45607,2.1524109
2178,390.60611,389.94668,1247.2422,341.43324,2.1313335
2179,390.28365,389.65441,1247.2547,341.41063,2.0829476
2180,389.97887,389.37713,1247.3119,341.38821,2.0346571
2181,389.68372,389.10687,1247.4131,341.36601,2.0037952
2182,389.38764,388.83404,1247.5389,341.344,1.9836366
2183,389.08573,388.55437,1247.6777,341.3222,1.9685751
2184,388.77757,388.26765,1247.8245,341.30059,1.9577249
2185,388.46376,387.97473,1247.9753,341.27918,2.0002782
2186,388.13561,387.6695,1248.0785,341.25796,2.0694786
2187,387.79445,387.35465,1248.1073,341.23694,2.0997099
2188,387.45867,387.04651,1248.1024,341.21611,2.1044433
2189,387.13817,386.75353,1248.0928,341.19547,2.0836021
2190,386.83535,386.47692,1248.1024,341.17501,2.0354484
2191,386.54969,386.21487,1248.1569,341.15475,1.9873855
2192,386.27319,385.95946,1248.2552,341.13466,1.9567462
2193,385.99539,385.70118,1248.3783,341.11476,1.9368054
2194,385.71149,385.43582,1248.5144,341.09504,1.9219573
2195,385.42107,385.16322,1248.6586,341.0755,1.9113167
2196,385.12479,384.88424,1248.8068,341.05614,1.9540759
2197,384.81407,384.59286,1248.9075,341.03696,2.0234796
2198,384.49029,384.29183,1248.9338,341.01794,2.0539124
2199,384.1717,383.99735,1248.9265,340.99911,2.0588456
2200,383.86809,383.71778,1248.9145,340.98044,2.038202
2201,383.58177,383.45425,1248.9217,340.96194,1.990243
2202,383.31219,383.20495,1248.9739,340.94361,1.9423713
2203,383.05139,382.96197,1249.0699,340.92545,1.9119191
2204,382.78901,382.71591,1249.1907,340.90746,1.8921616
2205,382.52032,382.4626,1249.3246,340.88962,1.8774934
2206,382.24493,382.20191,1249.4666,340.87195,1.8670297
2207,381.96352,381.93471,1249.6126,340.85444,1.9099631
2208,381.66763,381.6551,1249.7112,340.83709,1.9795392
2209,381.3587,381.36585,1249.7354,340.8199,2.0101433
2210,381.05482,381.08304,1249.7261,340.80287,2.0152469
2211,380.76568,380.81494,1249.7121,340.78599,1.9947722
2212,380.49351,380.56263,1249.7174,340.76926,1.9469799
2213,380.23773,380.32426,1249.7676,340.75268,1.8992719
2214,379.99041,380.09195,1249.8618,340.73626,1.8689802
2215,379.74129,379.85638,1249.9807,340.71998,1.8493801
2216,379.4857,379.61345,1250.1126,340.70386,1.8348666
2217,379.22328,379.36304,1250.2528,340.68788,1.8245551
2218,378.95471,379.10604,1250.397,340.67204,1.8676387
2219,378.67167,378.83665,1250.4938,340.65635,1.9373636
2220,378.37565,378.55765,1250.5163,340.64081,1.9681161
2221,378.08459,378.28503,1250.5053,340.6254,1.9733675
2222,377.80806,378.02696,1250.4897,340.61013,1.9530397
2223,377.54824,377.78445,1250.4933,340.59501,1.9053925
2224,377.30449,377.55563,1250.5419,340.58002,1.8578273
2225,377.06894,377.33266,1250.6344,340.56517,1.8276756
2226,376.8314,377.10629,1250.7517,340.55045,1.8082128
2227,376.58726,376.87246,1250.882,340.53586,1.7938344
2228,376.33619,376.63109,1251.0206,340.52141,1.783656
2229,376.0789,376.38308,1251.1633,340.50709,1.826871
2230,375.80717,376.12271,1251.2586,340.4929,1.8967264
2231,375.52253,375.85281,1251.2796,340.47884,1.9276093
2232,375.24279,375.58923,1251.2671,340.46491,1.932991
2233,374.97741,375.34006,1251.2501,340.45111,1.9127927
2234,374.7285,375.10628,1251.2523,340.43743,1.8652737
2235,374.4954,374.88595,1251.2995,340.42387,1.8178346
2236,374.27024,374.67128,1251.3905,340.41044,1.7878066
2237,374.04295,374.4531,1251.5064,340.39713,1.7684653
2238,373.80895,374.22739,1251.6354,340.38394,1.7542064
2239,373.56796,373.9941,1251.7727,340.37087,1.7441459
2240,373.32068,373.75412,1251.914,340.35792,1.7874774
2241,373.05902,373.50184,1252.008,340.34509,1.8574487
2242,372.78453,373.24011,1252.0277,340.33238,1.8884475
2243,372.5149,372.98467,1252.014,340.31978,1.8939453
2244,372.25949,372.74353,1251.9957,340.30729,1.8738626
2245,372.02035,372.51759,1251.9967,340.29492,1.8264581
2246,371.79675,372.30492,1252.0426,340.28266,1.7791318
2247,371.58089,372.09773,1252.1324,340.27052,1.7492144
2248,371.36276,371.88692,1252.2471,340.25848,1.7299817
2249,371.13785,371.66854,1252.3749,340.24655,1.7158296
2250,370.90589,371.44254,1252.5109,340.23474,1.7058746
2251,370.66759,371.20984,1252.6511,340.22302,1.7493105
2252,370.41497,370.96489,1252.7439,340.21142,1.8193857
2253,370.14964,370.71059,1252.7625,340.19992,1.8504888
2254,369.88913,370.46256,1252.7477,340.18853,1.856091
2255,369.64271,370.22872,1252.7282,340.17724,1.8361126
2256,369.41237,370.00993,1252.7281,340.16605,1.7888114
2257,369.19735,369.80422,1252.7729,340.15496,1.7415867
2258,368.98988,369.60385,1252.8617,340.14398,1.7117691
2259,368.78001,369.39976,1252.9752,340.13309,1.6926343
2260,368.5633,369.18806,1253.102,340.12231,1.6785787
2261,368.3395,368.96871,1253.237,340.11162,1.6687189
2262,368.10933,368.74266,1253.3761,340.10103,1.712249
2263,367.86491,368.50442,1253.4679,340.09054,1.7824182
2264,367.60788,368.25693,1253.4854,340.08014,1.8136157
2265,367.35566,368.0157,1253.4696,340.06983,1.8193126
2266,367.11742,367.78857,1253.4492,340.05962,1.7994289
2267,366.89509,367.57635,1253.4481,340.04951,1.7522216
2268,366.68786,367.37703,1253.4919,340.03948,1.7050893
2269,366.488,367.1829,1253.5796,340.02955,1.6753624
2270,366.28565,366.98498,1253.6922,340.0197,1.6563166
2271,366.0764,366.77941,1253.818,340.00995,1.6423486
2272,365.86002,366.56619,1253.952,340.00028,1.6325754
2273,365.63725,366.34625,1254.0902,339.99071,1.6761913
2274,365.40031,366.11421,1254.181,339.98122,1.746446
2275,365.15087,365.873,1254.1977,339.97181,1.7777296
2276,364.90624,365.63806,1254.1809,339.96249,1.7835131
2277,364.67548,365.41713,1254.1596,339.95326,1.7637159
2278,364.46047,365.21098,1254.1576,339.94411,1.7165945
2279,364.26038,365.01757,1254.2005,339.93504,1.6695468
2280,364.06747,364.82921,1254.2874,339.92606,1.6399028
2281,363.87198,364.63699,1254.3991,339.91716,1.6209384
2282,363.66955,364.4371,1254.5239,339.90834,1.6070505
2283,363.45997,364.22954,1254.6571,339.8996,1.5973565
2284,363.24399,364.01526,1254.7944,339.89094,1.6410508
2285,363.01391,363.78896,1254.8844,339.88235,1.7113838
2286,362.77145,363.5536,1254.9002,339.87385,1.7427464
2287,362.5338,363.32451,1254.8826,339.86542,1.7486095
2288,362.30992,363.10935,1254.8605,339.85707,1.7288918
2289,362.10165,362.90884,1254.8577,339.8488,1.6818494
2290,361.9081,362.72091,1254.8998,339.8406,1.6348795
2291,361.72159,362.53791,1254.9858,339.83247,1.6053117
2292,361.53241,362.35099,1255.0966,339.82442,1.5864221
2293,361.33625,362.15637,1255.2207,339.81645,1.5726078
2294,361.13292,361.95408,1255.3531,339.80854,1.5629866
2295,360.92318,361.74508,1255.4896,339.80071,1.606753
2296,360.69943,361.52413,1255.5788,339.79295,1.6771582
2297,360.46342,361.29423,1255.5938,339.78526,1.7085935
2298,360.23221,361.0706,1255.5755,339.77764,1.71453
2299,360.0147,360.86083,1255.5526,339.77008,1.6948859
2300,359.81265,360.66558,1255.549,339.7626,1.6479164
2301,359.62516,360.48278,1255.5903,339.75519,1.6010183
2302,359.44455,360.30479,1255.6756,339.74784,1.5715209
2303,359.26119,360.12281,1255.7857,339.74056,1.5527003
2304,359.07082,359.93311,1255.909,339.73334,1.5389541
2305,358.87327,359.73574,1256.0406,339.7262,1.5294
2306,358.6693,359.53167,1256.1765,339.71911,1.573233
2307,358.45141,359.31573,1256.2649,339.71209,1.6437049
2308,358.22138,359.09095,1256.2792,339.70514,1.6752076
2309,357.99616,358.87244,1256.2602,339.69825,1.6812121
2310,357.78455,358.66772,1256.2366,339.69142,1.6616362
2311,357.58828,358.47742,1256.2323,339.68465,1.6147344
2312,357.40639,358.29942,1256.2729,339.67794,1.567903
2313,357.23126,358.12611,1256.3575,339.6713,1.5384709
2314,357.05329,357.94876,1256.4669,339.66472,1.5197143
2315,356.86829,357.76367,1256.5895,339.65819,1.506031
2316,356.6761,357.57092,1256.7204,339.65173,1.4965392
2317,356.47749,357.37148,1256.8556,339.64532,1.5404339
2318,356.26504,357.16025,1256.9434,339.63897,1.6109676
2319,356.04057,356.94027,1256.957,339.63268,1.642533
2320,355.82093,356.72659,1256.9373,339.62645,1.6486007
2321,355.61483,356.52662,1256.9131,339.62028,1.6290883
2322,355.42393,356.34097,1256.9081,339.61416,1.5822497
2323,355.24726,356.16748,1256.9481,339.60809,1.5354803
2324,355.07721,355.99857,1257.032,339.60208,1.5061088
2325,354.90427,355.82557,1257.1407,339.59613,1.4874117
2326,354.72426,355.64482,1257.2626,339.59023,1.473787
2327,354.53705,355.45642,1257.393,339.58438,1.4643531
2328,354.34344,355.26133,1257.5275,339.57859,1.5083053
2329,354.13607,355.05453,1257.6147,339.57285,1.5788966
2330,353.9168,354.8391,1257.6277,339.56716,1.6105203
2331,353.70237,354.62997,1257.6074,339.56152,1.6166471
2332,353.50141,354.43449,1257.5825,339.55594,1.597194
2333,353.31554,354.25322,1257.577,339.5504,1.5504143
2334,353.14374,354.08399,1257.6163,339.54492,1.5037029
2335,352.97844,353.91923,1257.6996,339.53949,1.4743882
2336,352.81017,353.75033,1257.8077,339.5341,1.4557466
2337,352.63482,353.57367,1257.929,339.52877,1.4421765
2338,352.45228,353.38936,1258.0587,339.52348,1.4327966
2339,352.26332,353.19838,1258.1927,339.51824,1.4768023
2340,352.06071,352.99578,1258.2793,339.51305,1.5474474
2341,351.84631,352.78464,1258.2917,339.5079,1.5791257
2342,351.63677,352.57981,1258.2709,339.50281,1.5853079
2343,351.44064,352.38859,1258.2454,339.49776,1.5659103
2344,351.25947,352.21147,1258.2393,339.49275,1.5191859
2345,351.09223,352.04626,1258.278,339.48779,1.4725287
2346,350.93137,351.88542,1258.3607,339.48288,1.4432671
2347,350.76748,351.72039,1258.4682,339.47801,1.4246775
2348,350.5965,351.5476,1258.589,339.47318,1.4111585
2349,350.41831,351.36717,1258.7181,339.4684,1.4018291
2350,350.23373,351.18007,1258.8515,339.46366,1.445885
2351,350.03557,350.98144,1258.9376,339.45897,1.5165804
2352,349.82575,350.77437,1258.9495,339.45432,1.5483098
2353,349.62081,350.57364,1258.9281,339.44971,1.554544
2354,349.4292,350.38645,1258.9021,339.44514,1.5351987
2355,349.25246,350.21326,1258.8954,339.44061,1.4885261
2356,349.08951,350.05186,1258.9336,339.43613,1.44192
2357,348.9328,349.89473,1259.0158,339.43168,1.4127082
2358,348.77303,349.73338,1259.1227,339.42728,1.3941673
2359,348.60614,349.56425,1259.2429,339.42292,1.3806963
2360,348.43205,349.38748,1259.3716,339.41859,1.3714143
2361,348.25157,349.20408,1259.5045,339.41431,1.4155172
2362,348.05761,349.00921,1259.59,339.41006,1.4862598
2363,347.8521,348.80602,1259.6014,339.40585,1.5180374
2364,347.65149,348.60917,1259.5795,339.40169,1.5243205
2365,347.46416,348.42581,1259.553,339.39755,1.5050244
2366,347.29158,348.25637,1259.5458,339.39346,1.4584008
2367,347.13266,348.09859,1259.5835,339.38941,1.4118427
2368,346.97988,347.94498,1259.6651,339.38539,1.3826778
2369,346.82396,347.78711,1259.7715,339.3814,1.3641828
2370,346.66092,347.62145,1259.8912,339.37746,1.3507568
2371,346.49069,347.44817,1260.0194,339.37355,1.3415194
2372,346.31408,347.26827,1260.1518,339.36967,1.3856665
2373,346.12408,347.07699,1260.2368,339.36583,1.4564537
2374,345.92264,346.87749,1260.2477,339.36203,1.4882766
2375,345.72612,346.68435,1260.2253,339.35826,1.4946058
2376,345.54283,346.50464,1260.1984,339.35452,1.4753562
2377,345.37419,346.33875,1260.1906,339.35082,1.4287788
2378,345.21907,346.18441,1260.2279,339.34715,1.3822662
2379,345.06998,346.03416,1260.309,339.34352,1.3531455
2380,344.91772,345.8796,1260.4149,339.33992,1.3346937
2381,344.75831,345.71725,1260.5342,339.33635,1.3213103
2382,344.59171,345.54729,1260.6618,339.33281,1.3121148
2383,344.41875,345.37072,1260.7938,339.32931,1.3563036
2384,344.23249,345.18286,1260.8784,339.32583,1.4271328
2385,344.03491,344.98687,1260.8888,339.32239,1.4589986
2386,343.84227,344.79727,1260.866,339.31898,1.4653715
2387,343.6628,344.62105,1260.8385,339.31561,1.4461659
2388,343.49789,344.45856,1260.8303,339.31226,1.3996323
2389,343.34637,344.3075,1260.8671,339.30894,1.3531626
2390,343.20077,344.16044,1260.9477,339.30565,1.3240838
2391,343.05195,344.00903,1261.0532,339.3024,1.3056729
2392,342.89597,343.84983,1261.172,339.29917,1.2923295
2393,342.73282,343.68304,1261.2992,339.29597,1.2831738
2394,342.56331,343.50965,1261.4307,339.2928,1.327402
2395,342.38059,343.32505,1261.5149,339.28966,1.3982709
2396,342.18667,343.13243,1261.5249,339.28655,1.4301773
2397,341.99771,342.9462,1261.5016,339.28347,1.4365916
2398,341.82187,342.77331,1261.4738,339.28041,1.4174278
2399,341.6605,342.61407,1261.4651,339.27738,1.3709357
2400,341.51238,342.46614,1261.5014,339.27438,1.3245067
2401,341.37009,342.32213,1261.5816,339.27141,1.2954676
2402,341.22453,342.17373,1261.6867,339.26847,1.2770954
2403,341.07181,342.01754,1261.805,339.26555,1.26379
2404,340.91191,341.85376,1261.9318,339.26265,1.2546718
2405,340.74568,341.68342,1262.0629,339.25979,1.2989374
2406,340.56632,341.50194,1262.1467,339.25695,1.3698439
2407,340.37588,341.31253,1262.1563,339.25413,1.4017889
2408,340.19043,341.12955,1262.1326,339.25135,1.4082426
2409,340.01804,340.95985,1262.1043,339.24858,1.3891185
2410,339.86002,340.80371,1262.0953,339.24584,1.3426659
2411,339.71514,340.65878,1262.1311,339.24313,1.2962756
2412,339.57599,340.51768,1262.2109,339.24044,1.2672741
2413,339.43352,340.37215,1262.3155,339.23778,1.2489386
2414,339.28389,340.21884,1262.4335,339.23514,1.2356693
2415,339.12709,340.05795,1262.5599,339.23252,1.2265868
2416,338.96397,339.89052,1262.6906,339.22993,1.2708877
2417,338.78781,339.71203,1262.7739,339.22736,1.3418299
2418,338.60068,339.52571,1262.7831,339.22482,1.3738116
2419,338.41856,339.34583,1262.7591,339.2223,1.3803028
2420,338.24947,339.17919,1262.7304,339.2198,1.3612165
2421,338.09465,339.02602,1262.7209,339.21732,1.3148016
2422,337.95285,338.88397,1262.7564,339.21487,1.2684481
2423,337.81668,338.74565,1262.8358,339.21244,1.2394825
2424,337.67716,338.60288,1262.94,339.21003,1.2211819
2425,337.53046,338.45232,1263.0575,339.20764,1.207947
2426,337.3766,338.2942,1263.1836,339.20528,1.1988983
2427,337.21645,338.12955,1263.3139,339.20293,1.2432329
2428,337.04334,337.95392,1263.3969,339.20061,1.3142091
2429,336.85937,337.77057,1263.4057,339.19831,1.3462257
2430,336.68044,337.59367,1263.3813,339.19603,1.3527526
2431,336.51448,337.42997,1263.3522,339.19377,1.3337025
2432,336.36272,337.27966,1263.3424,339.19153,1.2873235
2433,336.22386,337.14036,1263.3774,339.18931,1.2410052
2434,336.09053,337.00472,1263.4564,339.18711,1.2120738
2435,335.9538,336.86458,1263.5603,339.18493,1.1938065
2436,335.8099,336.71666,1263.6774,339.18277,1.1806041
2437,335.65885,336.5612,1263.8031,339.18064,1.1715877
2438,335.50152,336.39922,1263.9331,339.17852,1.2159544
2439,335.33132,336.22635,1264.0157,339.17642,1.286963
2440,335.15038,336.04585,1264.0241,339.17433,1.3190129
2441,334.97449,335.87182,1263.9994,339.17227,1.3255741
2442,334.81154,335.71094,1263.9699,339.17023,1.3065585
2443,334.66269,335.56338,1263.9597,339.1682,1.2602139
2444,334.52663,335.42672,1263.9944,339.1662,1.2139293
2445,334.39602,335.29364,1264.0731,339.16421,1.1850304
2446,334.26197,335.15604,1264.1765,339.16224,1.1667949
2447,334.12073,335.01065,1264.2933,339.16029,1.1536237
2448,333.97236,334.85773,1264.4187,339.15835,1.144638
2449,333.81773,334.69833,1264.5483,339.15643,1.1890353
2450,333.65032,334.52811,1264.6306,339.15453,1.2600749
2451,333.47227,334.35035,1264.6387,339.15265,1.2921567
2452,333.2993,334.17908,1264.6136,339.15079,1.2987506
2453,333.13922,334.02092,1264.5838,339.14894,1.2797681
2454,332.99317,333.876,1264.5732,339.14711,1.2334564
2455,332.85979,333.74189,1264.6076,339.14529,1.187204
2456,332.73177,333.61127,1264.6858,339.14349,1.1583364
2457,332.60027,333.4761,1264.789,339.14171,1.1401312
2458,332.46158,333.33315,1264.9054,339.13995,1.1269898
2459,332.31578,333.18269,1265.0304,339.1382,1.1180336
2460,332.16373,333.02576,1265.1597,339.13646,1.16246
2461,331.99898,332.85808,1265.2417,339.13475,1.2335292
2462,331.82371,332.68296,1265.2495,339.13304,1.2656416
2463,331.65354,332.51436,1265.224,339.13136,1.2722669
2464,331.49623,332.35883,1265.1939,339.12969,1.2533163
2465,331.35285,332.21645,1265.183,339.12803,1.2070362
2466,331.22204,332.08479,1265.217,339.12639,1.1608147
2467,331.0965,331.95654,1265.2949,339.12476,1.131977
2468,330.96744,331.82371,1265.3977,339.12315,1.1138009
2469,330.8312,331.68311,1265.5138,339.12155,1.1006879
2470,330.68785,331.535,1265.6385,339.11997,1.0917598
2471,330.53827,331.38045,1265.7675,339.1184,1.1362143
2472,330.37608,331.21523,1265.8491,339.11685,1.2073119
2473,330.20347,331.04267,1265.8566,339.11531,1.2394536
2474,330.036,330.87664,1265.8309,339.11379,1.2461091
2475,329.88133,330.72364,1265.8004,339.11227,1.227189
2476,329.74052,330.58372,1265.7892,339.11078,1.1809393
2477,329.61218,330.45441,1265.8229,339.10929,1.1347475
2478,329.48902,330.32845,1265.9005,339.10782,1.1059385
2479,329.3623,330.19788,1266.0029,339.10636,1.0877903
2480,329.2284,330.05953,1266.1187,339.10492,1.0747046
2481,329.08741,329.9137,1266.2431,339.10349,1.0658035
2482,328.9402,329.76144,1266.3718,339.10207,1.1102848
2483,328.78047,329.5986,1266.4531,339.10067,1.1814096
2484,328.61043,329.4285,1266.4603,339.09927,1.2135796
2485,328.44554,329.26495,1266.4342,339.0979,1.2202641
2486,328.29343,329.11439,1266.4035,339.09653,1.2013734
2487,328.15509,328.97684,1266.3919,339.09517,1.155153
2488,328.02911,328.84981,1266.4253,339.09383,1.1089897
2489,327.90823,328.72606,1266.5026,339.0925,1.0802083
2490,327.78377,328.59766,1266.6047,339.09118,1.0620869
2491,327.65211,328.46149,1266.7202,339.08988,1.0490275
2492,327.51338,328.31785,1266.8443,339.08858,1.0401523
2493,327.36845,328.16781,1266.9727,339.0873,1.0846594
2494,327.21108,328.00726,1267.0538,339.08603,1.1558104
2495,327.04351,327.83954,1267.0607,339.08477,1.1880074
2496,326.88112,327.6784,1267.0343,339.08352,1.1947199
2497,326.73146,327.53021,1267.0033,339.08229,1.1758577
2498,326.59551,327.39495,1266.9914,339.08106,1.1296654
2499,326.47181,327.27012,1267.0245,339.07985,1.0835297
2500,326.41262,327.2098,1267.0549,339.07925,1.0661318
